Paper Title,Author Names,Author URLs,Conference Name,Conference Year
"British Machine Vision Conference, BMVC 2010, Aberystwyth, UK, August 31 - September 3, 2010. Proceedings.",Frédéric Labrosse,https://dblp.org/pid/l/FLabrosse.html,BMVC,2010
"British Machine Vision Conference, BMVC 2010, Aberystwyth, UK, August 31 - September 3, 2010. Proceedings.",Reyer Zwiggelaar,https://dblp.org/pid/04/3732.html,BMVC,2010
"British Machine Vision Conference, BMVC 2010, Aberystwyth, UK, August 31 - September 3, 2010. Proceedings.",Yonghuai Liu,https://dblp.org/pid/03/357.html,BMVC,2010
"British Machine Vision Conference, BMVC 2010, Aberystwyth, UK, August 31 - September 3, 2010. Proceedings.",Bernie Tiddeman,https://dblp.org/pid/37/5442.html,BMVC,2010
Generalized RBF feature maps for Efficient Detection.,Sreekanth Vempati,https://dblp.org/pid/55/7540.html,BMVC,2010
Generalized RBF feature maps for Efficient Detection.,Andrea Vedaldi,https://dblp.org/pid/99/2825.html,BMVC,2010
Generalized RBF feature maps for Efficient Detection.,Andrew Zisserman,https://dblp.org/pid/z/AndrewZisserman.html,BMVC,2010
Generalized RBF feature maps for Efficient Detection.,C. V. Jawahar,https://dblp.org/pid/j/CVJawahar.html,BMVC,2010
Manifold Alignment via Corresponding Projections.,Deming Zhai,https://dblp.org/pid/69/8937.html,BMVC,2010
Manifold Alignment via Corresponding Projections.,Bo Li,https://dblp.org/pid/50/3402-86.html,BMVC,2010
Manifold Alignment via Corresponding Projections.,Hong Chang,https://dblp.org/pid/02/2689.html,BMVC,2010
Manifold Alignment via Corresponding Projections.,Shiguang Shan,https://dblp.org/pid/s/ShiguangShan.html,BMVC,2010
Manifold Alignment via Corresponding Projections.,Xilin Chen,https://dblp.org/pid/c/XilinChen.html,BMVC,2010
Manifold Alignment via Corresponding Projections.,Wen Gao,https://dblp.org/pid/g/WenGao.html,BMVC,2010
Parameter Tuning from Pairwise Preferences.,Pavel Kisilev,https://dblp.org/pid/54/6048.html,BMVC,2010
Parameter Tuning from Pairwise Preferences.,Daniel Freedman,https://dblp.org/pid/59/1865.html,BMVC,2010
Pairwise Macropixel Comparison Can Work at Least as Well as Advanced Holistic Algorithms for Face Recognition.,Liang Chen,https://dblp.org/pid/01/5394.html,BMVC,2010
"""How old are you?"" : Age Estimation with Tensors of Binary Gaussian Receptive Maps.",John A. Ruiz-Hernandez,https://dblp.org/pid/33/5464.html,BMVC,2010
"""How old are you?"" : Age Estimation with Tensors of Binary Gaussian Receptive Maps.",James L. Crowley,https://dblp.org/pid/50/3289.html,BMVC,2010
"""How old are you?"" : Age Estimation with Tensors of Binary Gaussian Receptive Maps.",Augustin Lux,https://dblp.org/pid/54/516.html,BMVC,2010
"Simple, Fast and Accurate Estimation of the Fundamental Matrix Using the Extended Eight-Point Schemes.",Mohammed E. Fathy,https://dblp.org/pid/35/8938.html,BMVC,2010
"Simple, Fast and Accurate Estimation of the Fundamental Matrix Using the Extended Eight-Point Schemes.",Ashraf Saad Hussein,https://dblp.org/pid/93/7698.html,BMVC,2010
"Simple, Fast and Accurate Estimation of the Fundamental Matrix Using the Extended Eight-Point Schemes.",Mohamed Fahmy Tolba,https://dblp.org/pid/25/6592.html,BMVC,2010
Discriminative Topics Modelling for Action Feature Selection and Recognition.,Matteo Bregonzio,https://dblp.org/pid/43/4506.html,BMVC,2010
Discriminative Topics Modelling for Action Feature Selection and Recognition.,Jian Li,https://dblp.org/pid/33/5448.html,BMVC,2010
Discriminative Topics Modelling for Action Feature Selection and Recognition.,Shaogang Gong,https://dblp.org/pid/17/4389.html,BMVC,2010
Discriminative Topics Modelling for Action Feature Selection and Recognition.,Tao Xiang,https://dblp.org/pid/22/4460.html,BMVC,2010
Action Detection in Crowd.,Parthipan Siva,https://dblp.org/pid/87/4218.html,BMVC,2010
Action Detection in Crowd.,Tao Xiang,https://dblp.org/pid/22/4460.html,BMVC,2010
Calibration of Non-Overlapping Cameras---Application to Vision-Based Robotics.,Pierre Lébraly,https://dblp.org/pid/21/8938.html,BMVC,2010
Calibration of Non-Overlapping Cameras---Application to Vision-Based Robotics.,Eric Royer,https://dblp.org/pid/58/2981.html,BMVC,2010
Calibration of Non-Overlapping Cameras---Application to Vision-Based Robotics.,Omar Ait-Aider,https://dblp.org/pid/47/2322.html,BMVC,2010
Calibration of Non-Overlapping Cameras---Application to Vision-Based Robotics.,Michel Dhome,https://dblp.org/pid/20/5690.html,BMVC,2010
Object Recognition using 3D SIFT in Complex CT Volumes.,Gregory T. Flitton,https://dblp.org/pid/65/8842.html,BMVC,2010
Object Recognition using 3D SIFT in Complex CT Volumes.,Toby P. Breckon,https://dblp.org/pid/43/3031.html,BMVC,2010
Object Recognition using 3D SIFT in Complex CT Volumes.,Najla Megherbi Bouallagu,https://dblp.org/pid/79/2120.html,BMVC,2010
Clustered Pose and Nonlinear Appearance Models for Human Pose Estimation.,Sam Johnson,https://dblp.org/pid/90/8938.html,BMVC,2010
Clustered Pose and Nonlinear Appearance Models for Human Pose Estimation.,Mark Everingham,https://dblp.org/pid/63/4673.html,BMVC,2010
Automatic Facial Expression Recognition using Bags of Motion Words.,Liefei Xu,https://dblp.org/pid/83/3782.html,BMVC,2010
Automatic Facial Expression Recognition using Bags of Motion Words.,Philippos Mordohai,https://dblp.org/pid/10/618.html,BMVC,2010
A 2D+t Feature-preserving Non-local Means Filter for Image Denoising and Improved Detection of Small and Weak Particles.,Lei Yang,https://dblp.org/pid/50/2484.html,BMVC,2010
A 2D+t Feature-preserving Non-local Means Filter for Image Denoising and Improved Detection of Small and Weak Particles.,Richard M. Parton,https://dblp.org/pid/85/8937.html,BMVC,2010
A 2D+t Feature-preserving Non-local Means Filter for Image Denoising and Improved Detection of Small and Weak Particles.,Graeme Ball,https://dblp.org/pid/55/8937.html,BMVC,2010
A 2D+t Feature-preserving Non-local Means Filter for Image Denoising and Improved Detection of Small and Weak Particles.,Zhen Qiu,https://dblp.org/pid/15/277.html,BMVC,2010
A 2D+t Feature-preserving Non-local Means Filter for Image Denoising and Improved Detection of Small and Weak Particles.,Alan Greenaway,https://dblp.org/pid/38/8938.html,BMVC,2010
A 2D+t Feature-preserving Non-local Means Filter for Image Denoising and Improved Detection of Small and Weak Particles.,Ilan Davis,https://dblp.org/pid/63/8938.html,BMVC,2010
A 2D+t Feature-preserving Non-local Means Filter for Image Denoising and Improved Detection of Small and Weak Particles.,Weiping Lu,https://dblp.org/pid/73/2396.html,BMVC,2010
Embedding Visual Words into Concept Space for Action and Scene Recognition.,Behrouz Khadem,https://dblp.org/pid/49/8938.html,BMVC,2010
Embedding Visual Words into Concept Space for Action and Scene Recognition.,Elahe Farahzadeh,https://dblp.org/pid/69/8938.html,BMVC,2010
Embedding Visual Words into Concept Space for Action and Scene Recognition.,Deepu Rajan,https://dblp.org/pid/95/3115.html,BMVC,2010
Embedding Visual Words into Concept Space for Action and Scene Recognition.,Andrzej Sluzek,https://dblp.org/pid/10/323.html,BMVC,2010
Robust Camera Calibration using Inaccurate Targets.,Andrea Albarelli,https://dblp.org/pid/44/4261.html,BMVC,2010
Robust Camera Calibration using Inaccurate Targets.,Emanuele Rodolà,https://dblp.org/pid/54/8401.html,BMVC,2010
Robust Camera Calibration using Inaccurate Targets.,Andrea Torsello,https://dblp.org/pid/11/2491.html,BMVC,2010
A principled approach to remove false alarms by modelling the context of a face detector.,Cosmin Atanasoaei,https://dblp.org/pid/78/8938.html,BMVC,2010
A principled approach to remove false alarms by modelling the context of a face detector.,Chris McCool,https://dblp.org/pid/92/3022.html,BMVC,2010
A principled approach to remove false alarms by modelling the context of a face detector.,Sébastien Marcel,https://dblp.org/pid/31/5046.html,BMVC,2010
Iterative Hyperplane Merging: A Framework for Manifold Learning.,Harry Strange,https://dblp.org/pid/83/8938.html,BMVC,2010
Iterative Hyperplane Merging: A Framework for Manifold Learning.,Reyer Zwiggelaar,https://dblp.org/pid/04/3732.html,BMVC,2010
Diffusion-based Regularisation Strategies for Variational Level Set Segmentation.,Maximilian Baust,https://dblp.org/pid/77/7977.html,BMVC,2010
Diffusion-based Regularisation Strategies for Variational Level Set Segmentation.,Darko Zikic,https://dblp.org/pid/63/2085.html,BMVC,2010
Diffusion-based Regularisation Strategies for Variational Level Set Segmentation.,Nassir Navab,https://dblp.org/pid/n/NassirNavab.html,BMVC,2010
Trans Media Relevance Feedback for Image Autoannotation.,Thomas Mensink,https://dblp.org/pid/95/2677.html,BMVC,2010
Trans Media Relevance Feedback for Image Autoannotation.,Jakob Verbeek,https://dblp.org/pid/v/JakobJVerbeek.html,BMVC,2010
Trans Media Relevance Feedback for Image Autoannotation.,Gabriela Csurka,https://dblp.org/pid/c/GabrielaCsurka.html,BMVC,2010
Person Re-Identification by Support Vector Ranking.,Bryan James Prosser,https://dblp.org/pid/184/5812.html,BMVC,2010
Person Re-Identification by Support Vector Ranking.,Wei-Shi Zheng,https://dblp.org/pid/30/8399.html,BMVC,2010
Person Re-Identification by Support Vector Ranking.,Shaogang Gong,https://dblp.org/pid/17/4389.html,BMVC,2010
Person Re-Identification by Support Vector Ranking.,Tao Xiang,https://dblp.org/pid/22/4460.html,BMVC,2010
Toward robust estimation of specular flow.,Yair Adato,https://dblp.org/pid/37/3593.html,BMVC,2010
Toward robust estimation of specular flow.,Todd E. Zickler,https://dblp.org/pid/33/2279.html,BMVC,2010
Toward robust estimation of specular flow.,Ohad Ben-Shahar,https://dblp.org/pid/59/3818.html,BMVC,2010
Generalized Descriptor Compression for Storage and Matching.,Matthew Johnson,https://dblp.org/pid/178/2825.html,BMVC,2010
Multi-class Boosting for Early Classification of Sequences.,Katsuhiko Ishiguro,https://dblp.org/pid/30/728.html,BMVC,2010
Multi-class Boosting for Early Classification of Sequences.,Hiroshi Sawada,https://dblp.org/pid/85/415.html,BMVC,2010
Multi-class Boosting for Early Classification of Sequences.,Hitoshi Sakano,https://dblp.org/pid/05/3713.html,BMVC,2010
Weighted Local Bundle Adjustment and Application to Odometry and Visual SLAM Fusion.,Alexandre Eudes,https://dblp.org/pid/74/7658.html,BMVC,2010
Weighted Local Bundle Adjustment and Application to Odometry and Visual SLAM Fusion.,Sylvie Naudet-Collette,https://dblp.org/pid/18/4188.html,BMVC,2010
Weighted Local Bundle Adjustment and Application to Odometry and Visual SLAM Fusion.,Maxime Lhuillier,https://dblp.org/pid/l/MaximeLhuillier.html,BMVC,2010
Weighted Local Bundle Adjustment and Application to Odometry and Visual SLAM Fusion.,Michel Dhome,https://dblp.org/pid/20/5690.html,BMVC,2010
Improving object classification using semantic attributes.,Yu Su,https://dblp.org/pid/38/1070-9.html,BMVC,2010
Improving object classification using semantic attributes.,Moray Allan,https://dblp.org/pid/55/124.html,BMVC,2010
Improving object classification using semantic attributes.,Frédéric Jurie,https://dblp.org/pid/34/4827.html,BMVC,2010
Label propagation in complex video sequences using semi-supervised learning.,Ignas Budvytis,https://dblp.org/pid/08/8939.html,BMVC,2010
Label propagation in complex video sequences using semi-supervised learning.,Vijay Badrinarayanan,https://dblp.org/pid/46/1149.html,BMVC,2010
Label propagation in complex video sequences using semi-supervised learning.,Roberto Cipolla,https://dblp.org/pid/c/RobertoCipolla.html,BMVC,2010
Context-based additive logistic model for facial keypoint localization.,Peng Li,https://dblp.org/pid/83/6353.html,BMVC,2010
Context-based additive logistic model for facial keypoint localization.,Jonathan Warrell,https://dblp.org/pid/24/6033.html,BMVC,2010
Context-based additive logistic model for facial keypoint localization.,Jania Aghajanian,https://dblp.org/pid/44/1576.html,BMVC,2010
Context-based additive logistic model for facial keypoint localization.,Simon Prince,https://dblp.org/pid/p/SimonPrince.html,BMVC,2010
Patch-Cuts: A Graph-Based Image Segmentation Method Using Patch Features and Spatial Relations.,Gerd Brunner,https://dblp.org/pid/28/5109.html,BMVC,2010
Patch-Cuts: A Graph-Based Image Segmentation Method Using Patch Features and Spatial Relations.,Deepak Roy Chittajallu,https://dblp.org/pid/21/855.html,BMVC,2010
Patch-Cuts: A Graph-Based Image Segmentation Method Using Patch Features and Spatial Relations.,Uday Kurkure,https://dblp.org/pid/44/4320.html,BMVC,2010
Patch-Cuts: A Graph-Based Image Segmentation Method Using Patch Features and Spatial Relations.,Ioannis A. Kakadiaris,https://dblp.org/pid/29/1088.html,BMVC,2010
Efficient image retrieval for 3D structures.,Relja Arandjelovic,https://dblp.org/pid/88/8937.html,BMVC,2010
Efficient image retrieval for 3D structures.,Andrew Zisserman,https://dblp.org/pid/z/AndrewZisserman.html,BMVC,2010
Joint Modeling of Algorithm Behavior and Image Quality for Algorithm Performance Prediction.,Apurva Gala,https://dblp.org/pid/09/8938.html,BMVC,2010
Joint Modeling of Algorithm Behavior and Image Quality for Algorithm Performance Prediction.,Shishir K. Shah,https://dblp.org/pid/85/8613.html,BMVC,2010
Learning Directional Local Pairwise Bases with Sparse Coding.,Nobuyuki Morioka,https://dblp.org/pid/39/3539.html,BMVC,2010
Learning Directional Local Pairwise Bases with Sparse Coding.,Shin'ichi Satoh,https://dblp.org/pid/50/290.html,BMVC,2010
Image Topic Discovery with Saliency Detection.,Zhidong Li,https://dblp.org/pid/10/6710.html,BMVC,2010
Image Topic Discovery with Saliency Detection.,Yang Wang,https://dblp.org/pid/w/YangWang2.html,BMVC,2010
Image Topic Discovery with Saliency Detection.,Jing Chen,https://dblp.org/pid/27/4364.html,BMVC,2010
Image Topic Discovery with Saliency Detection.,Jie Xu,https://dblp.org/pid/37/5126-8.html,BMVC,2010
Image Topic Discovery with Saliency Detection.,John Laird,https://dblp.org/pid/89/8841.html,BMVC,2010
Background subtraction adapted to PTZ cameras by keypoint density estimation.,Constant Guillot,https://dblp.org/pid/47/8937.html,BMVC,2010
Background subtraction adapted to PTZ cameras by keypoint density estimation.,Maxime Taron,https://dblp.org/pid/53/1447.html,BMVC,2010
Background subtraction adapted to PTZ cameras by keypoint density estimation.,Patrick Sayd,https://dblp.org/pid/61/2903.html,BMVC,2010
Background subtraction adapted to PTZ cameras by keypoint density estimation.,Quoc Cuong Pham,https://dblp.org/pid/72/5867.html,BMVC,2010
Background subtraction adapted to PTZ cameras by keypoint density estimation.,Christophe Tilmant,https://dblp.org/pid/31/2274.html,BMVC,2010
Background subtraction adapted to PTZ cameras by keypoint density estimation.,Jean-Marc Lavest,https://dblp.org/pid/21/6998.html,BMVC,2010
Person Identification using Shadow Analysis.,Yumi Iwashita,https://dblp.org/pid/59/4392.html,BMVC,2010
Person Identification using Shadow Analysis.,Adrian Stoica,https://dblp.org/pid/87/6419.html,BMVC,2010
Person Identification using Shadow Analysis.,Ryo Kurazume,https://dblp.org/pid/78/5486.html,BMVC,2010
Large-scale Dictionary Learning For Local Coordinate Coding.,Bo Xie,https://dblp.org/pid/72/6778-2.html,BMVC,2010
Large-scale Dictionary Learning For Local Coordinate Coding.,Mingli Song,https://dblp.org/pid/71/5333.html,BMVC,2010
Large-scale Dictionary Learning For Local Coordinate Coding.,Dacheng Tao,https://dblp.org/pid/46/3391.html,BMVC,2010
Improved Anatomical Landmark Localization in Medical Images Using Dense Matching of Graphical Models.,Vaclav Potesil,https://dblp.org/pid/06/8938.html,BMVC,2010
Improved Anatomical Landmark Localization in Medical Images Using Dense Matching of Graphical Models.,Timor Kadir,https://dblp.org/pid/13/4533.html,BMVC,2010
Improved Anatomical Landmark Localization in Medical Images Using Dense Matching of Graphical Models.,Günther Platsch,https://dblp.org/pid/19/8938.html,BMVC,2010
Improved Anatomical Landmark Localization in Medical Images Using Dense Matching of Graphical Models.,Mike Brady,https://dblp.org/pid/b/MichaelBrady.html,BMVC,2010
Moving Camera Registration for Multiple Camera Setups in Dynamic Scenes.,Evren Imre,https://dblp.org/pid/40/16.html,BMVC,2010
Moving Camera Registration for Multiple Camera Setups in Dynamic Scenes.,Jean-Yves Guillemaut,https://dblp.org/pid/98/339.html,BMVC,2010
Moving Camera Registration for Multiple Camera Setups in Dynamic Scenes.,Adrian Hilton,https://dblp.org/pid/63/34.html,BMVC,2010
FAST: Fast Adaptive Silhouette Area based Template Matching.,Daniel Mohr,https://dblp.org/pid/26/5213.html,BMVC,2010
FAST: Fast Adaptive Silhouette Area based Template Matching.,Gabriel Zachmann,https://dblp.org/pid/z/GabrielZachmann.html,BMVC,2010
Multi-Scale Depth from Slope with Weights.,Rafael Felipe V. Saracchini,https://dblp.org/pid/04/4486.html,BMVC,2010
Multi-Scale Depth from Slope with Weights.,Jorge Stolfi,https://dblp.org/pid/20/5139.html,BMVC,2010
Multi-Scale Depth from Slope with Weights.,Helena Cristina da Gama Leitão,https://dblp.org/pid/80/5735.html,BMVC,2010
Multi-Scale Depth from Slope with Weights.,Gary A. Atkinson,https://dblp.org/pid/02/3841.html,BMVC,2010
Multi-Scale Depth from Slope with Weights.,Melvyn L. Smith,https://dblp.org/pid/64/3824.html,BMVC,2010
Live Feature Clustering in Video Using Appearance and 3D Geometry.,Adrien Angeli,https://dblp.org/pid/77/6496.html,BMVC,2010
Live Feature Clustering in Video Using Appearance and 3D Geometry.,Andrew J. Davison,https://dblp.org/pid/d/AndrewJDavison.html,BMVC,2010
BetaSAC: A New Conditional Sampling For RANSAC.,Antoine Méler,https://dblp.org/pid/03/8939.html,BMVC,2010
BetaSAC: A New Conditional Sampling For RANSAC.,Marion Decrouez,https://dblp.org/pid/95/8938.html,BMVC,2010
BetaSAC: A New Conditional Sampling For RANSAC.,James L. Crowley,https://dblp.org/pid/50/3289.html,BMVC,2010
Unifying Planar and Point Mapping in Monocular SLAM.,José Martínez-Carranza,https://dblp.org/pid/20/7168.html,BMVC,2010
Unifying Planar and Point Mapping in Monocular SLAM.,Andrew Calway,https://dblp.org/pid/c/AndrewCalway.html,BMVC,2010
Toward Robust Action Retrieval in Video.,Samy Bakheet,https://dblp.org/pid/98/8938.html,BMVC,2010
Toward Robust Action Retrieval in Video.,Ayoub Al-Hamadi,https://dblp.org/pid/51/6942.html,BMVC,2010
Toward Robust Action Retrieval in Video.,Bernd Michaelis,https://dblp.org/pid/04/2281.html,BMVC,2010
Toward Robust Action Retrieval in Video.,Usama Sayed,https://dblp.org/pid/16/8108.html,BMVC,2010
Using Context to Create Semantic 3D Models of Indoor Environments.,Xuehan Xiong,https://dblp.org/pid/32/8938.html,BMVC,2010
Using Context to Create Semantic 3D Models of Indoor Environments.,Daniel Huber,https://dblp.org/pid/81/1851.html,BMVC,2010
A general boosting-based framework for active object recognition.,Zhaoyin Jia,https://dblp.org/pid/68/8938.html,BMVC,2010
A general boosting-based framework for active object recognition.,Yao-Jen Chang,https://dblp.org/pid/72/6089.html,BMVC,2010
A general boosting-based framework for active object recognition.,Tsuhan Chen,https://dblp.org/pid/c/TsuhanChen.html,BMVC,2010
Weakly Supervised Object Recognition and Localization with Invariant High Order Features.,Yimeng Zhang,https://dblp.org/pid/60/7633.html,BMVC,2010
Weakly Supervised Object Recognition and Localization with Invariant High Order Features.,Tsuhan Chen,https://dblp.org/pid/c/TsuhanChen.html,BMVC,2010
Epipolar Constraints for Multiscale Matching.,Bill Triggs,https://dblp.org/pid/49/1622.html,BMVC,2010
Epipolar Constraints for Multiscale Matching.,Pashmina Bendale,https://dblp.org/pid/94/8938.html,BMVC,2010
Multiscale Keypoint Analysis based on Complex Wavelets.,Pashmina Bendale,https://dblp.org/pid/94/8938.html,BMVC,2010
Multiscale Keypoint Analysis based on Complex Wavelets.,Bill Triggs,https://dblp.org/pid/49/1622.html,BMVC,2010
Multiscale Keypoint Analysis based on Complex Wavelets.,Nick G. Kingsbury,https://dblp.org/pid/95/3124.html,BMVC,2010
High Five: Recognising human interactions in TV shows.,Alonso Patron-Perez,https://dblp.org/pid/19/9550.html,BMVC,2010
High Five: Recognising human interactions in TV shows.,Marcin Marszalek,https://dblp.org/pid/13/392.html,BMVC,2010
High Five: Recognising human interactions in TV shows.,Andrew Zisserman,https://dblp.org/pid/z/AndrewZisserman.html,BMVC,2010
High Five: Recognising human interactions in TV shows.,Ian Reid,https://dblp.org/pid/r/IanDReid1.html,BMVC,2010
Localized fusion of Shape and Appearance features for 3D Human Pose Estimation.,Suman Sedai,https://dblp.org/pid/96/1210.html,BMVC,2010
Localized fusion of Shape and Appearance features for 3D Human Pose Estimation.,Mohammed Bennamoun,https://dblp.org/pid/00/3214.html,BMVC,2010
Localized fusion of Shape and Appearance features for 3D Human Pose Estimation.,Du Q. Huynh,https://dblp.org/pid/35/2599.html,BMVC,2010
Real-time Action Recognition by Spatiotemporal Semantic and Structural Forests.,Tsz-Ho Yu,https://dblp.org/pid/97/6049.html,BMVC,2010
Real-time Action Recognition by Spatiotemporal Semantic and Structural Forests.,Tae-Kyun Kim,https://dblp.org/pid/28/787.html,BMVC,2010
Real-time Action Recognition by Spatiotemporal Semantic and Structural Forests.,Roberto Cipolla,https://dblp.org/pid/c/RobertoCipolla.html,BMVC,2010
Sparse coding and dictionary learning for image understanding.,Jean Ponce,https://dblp.org/pid/p/JeanPonce.html,BMVC,2010
Reducing mismatching under time-pressure by reasoning about visibility and occlusion.,Somkiat Wangsiripitak,https://dblp.org/pid/19/1512.html,BMVC,2010
Reducing mismatching under time-pressure by reasoning about visibility and occlusion.,David William Murray,https://dblp.org/pid/60/5939-1.html,BMVC,2010
On-line Adaption of Class-specific Codebooks for Instance Tracking.,Juergen Gall,https://dblp.org/pid/13/6920.html,BMVC,2010
On-line Adaption of Class-specific Codebooks for Instance Tracking.,Nima Razavi,https://dblp.org/pid/48/8610.html,BMVC,2010
On-line Adaption of Class-specific Codebooks for Instance Tracking.,Luc Van Gool,https://dblp.org/pid/61/5017.html,BMVC,2010
Motion Coherent Tracking with Multi-label MRF optimization.,David Tsai,https://dblp.org/pid/00/8939-2.html,BMVC,2010
Motion Coherent Tracking with Multi-label MRF optimization.,Matthew Flagg,https://dblp.org/pid/91/6127.html,BMVC,2010
Motion Coherent Tracking with Multi-label MRF optimization.,James M. Rehg,https://dblp.org/pid/r/JMRehg.html,BMVC,2010
Making a Shallow Network Deep: Growing a Tree from Decision Regions of a Boosting Classifier.,Tae-Kyun Kim,https://dblp.org/pid/28/787.html,BMVC,2010
Making a Shallow Network Deep: Growing a Tree from Decision Regions of a Boosting Classifier.,Ignas Budvytis,https://dblp.org/pid/08/8939.html,BMVC,2010
Making a Shallow Network Deep: Growing a Tree from Decision Regions of a Boosting Classifier.,Roberto Cipolla,https://dblp.org/pid/c/RobertoCipolla.html,BMVC,2010
Accounting for the Relative Importance of Objects in Image Retrieval.,Sung Ju Hwang,https://dblp.org/pid/52/8653.html,BMVC,2010
Accounting for the Relative Importance of Objects in Image Retrieval.,Kristen Grauman,https://dblp.org/pid/57/4553.html,BMVC,2010
Object Detection with Geometrical Context Feedback Loop.,Min Sun,https://dblp.org/pid/62/2750-1.html,BMVC,2010
Object Detection with Geometrical Context Feedback Loop.,Yingze Bao,https://dblp.org/pid/74/8652.html,BMVC,2010
Object Detection with Geometrical Context Feedback Loop.,Silvio Savarese,https://dblp.org/pid/50/3578.html,BMVC,2010
StyP-Boost: A Bilinear Boosting Algorithm for Learning Style-Parameterized Classifiers.,Jonathan Warrell,https://dblp.org/pid/24/6033.html,BMVC,2010
StyP-Boost: A Bilinear Boosting Algorithm for Learning Style-Parameterized Classifiers.,Philip H. S. Torr,https://dblp.org/pid/t/PhilipHSTorr.html,BMVC,2010
StyP-Boost: A Bilinear Boosting Algorithm for Learning Style-Parameterized Classifiers.,Simon Prince,https://dblp.org/pid/p/SimonPrince.html,BMVC,2010
Skeleton Extraction via Anisotropic Heat Flow.,Cem Direkoglu,https://dblp.org/pid/51/4954.html,BMVC,2010
Skeleton Extraction via Anisotropic Heat Flow.,Rozenn Dahyot,https://dblp.org/pid/81/3201.html,BMVC,2010
Skeleton Extraction via Anisotropic Heat Flow.,Michael Manzke,https://dblp.org/pid/84/5667.html,BMVC,2010
Detection of Curves with Unknown Endpoints using Minimal Path Techniques.,Vivek Kaul,https://dblp.org/pid/07/8938.html,BMVC,2010
Detection of Curves with Unknown Endpoints using Minimal Path Techniques.,Yichang James Tsai,https://dblp.org/pid/158/9377.html,BMVC,2010
Detection of Curves with Unknown Endpoints using Minimal Path Techniques.,Anthony J. Yezzi,https://dblp.org/pid/y/AJYezzi.html,BMVC,2010
Isotropic Granularity-tunable gradients partition (IGGP) descriptors for human detection.,Yazhou Liu,https://dblp.org/pid/89/6788.html,BMVC,2010
Isotropic Granularity-tunable gradients partition (IGGP) descriptors for human detection.,Janne Heikkilä,https://dblp.org/pid/25/4802.html,BMVC,2010
Accurate and Efficient Face Recognition from Video.,Ognjen Arandjelovic,https://dblp.org/pid/98/5718.html,BMVC,2010
Robust 3D Face Recognition by Using Shape Filtering.,Liang Cai,https://dblp.org/pid/70/6409.html,BMVC,2010
Robust 3D Face Recognition by Using Shape Filtering.,Feipeng Da,https://dblp.org/pid/04/6129.html,BMVC,2010
Skin Color Weighted Disparity Competition for Hand Segmentation from Stereo Camera.,Qi Wang,https://dblp.org/pid/19/1924.html,BMVC,2010
Skin Color Weighted Disparity Competition for Hand Segmentation from Stereo Camera.,Xilin Chen,https://dblp.org/pid/c/XilinChen.html,BMVC,2010
Skin Color Weighted Disparity Competition for Hand Segmentation from Stereo Camera.,Wen Gao,https://dblp.org/pid/g/WenGao.html,BMVC,2010
Multiview video depth estimation with spatial-temporal consistency.,Mingjin Yang,https://dblp.org/pid/42/8938.html,BMVC,2010
Multiview video depth estimation with spatial-temporal consistency.,Xun Cao,https://dblp.org/pid/78/7658.html,BMVC,2010
Multiview video depth estimation with spatial-temporal consistency.,Qionghai Dai,https://dblp.org/pid/39/4543.html,BMVC,2010
The Fastest Pedestrian Detector in the West.,Piotr Dollár,https://dblp.org/pid/62/750.html,BMVC,2010
The Fastest Pedestrian Detector in the West.,Serge J. Belongie,https://dblp.org/pid/b/SJBelongie.html,BMVC,2010
The Fastest Pedestrian Detector in the West.,Pietro Perona,https://dblp.org/pid/p/PietroPerona.html,BMVC,2010
A Novel Framework for Tracking In-vitro Cells in Time-lapse Phase Contrast Data.,Ketheesan Thirusittampalam,https://dblp.org/pid/90/8937.html,BMVC,2010
A Novel Framework for Tracking In-vitro Cells in Time-lapse Phase Contrast Data.,M. Julius Hossain,https://dblp.org/pid/08/1687.html,BMVC,2010
A Novel Framework for Tracking In-vitro Cells in Time-lapse Phase Contrast Data.,Ovidiu Ghita,https://dblp.org/pid/36/2311.html,BMVC,2010
A Novel Framework for Tracking In-vitro Cells in Time-lapse Phase Contrast Data.,Paul F. Whelan,https://dblp.org/pid/96/4991.html,BMVC,2010
Stratified Generalized Procrustes Analysis.,Adrien Bartoli,https://dblp.org/pid/58/2064.html,BMVC,2010
Stratified Generalized Procrustes Analysis.,Daniel Pizarro,https://dblp.org/pid/134/1623.html,BMVC,2010
Stratified Generalized Procrustes Analysis.,Marco Loog,https://dblp.org/pid/85/4677.html,BMVC,2010
Vision-Based Behavior Prediction in Urban Traffic Environments by Scene Categorization.,Martin Heracles,https://dblp.org/pid/62/7446.html,BMVC,2010
Vision-Based Behavior Prediction in Urban Traffic Environments by Scene Categorization.,Fernando Martinelli,https://dblp.org/pid/74/8937.html,BMVC,2010
Vision-Based Behavior Prediction in Urban Traffic Environments by Scene Categorization.,Jannik Fritsch,https://dblp.org/pid/31/6511.html,BMVC,2010
A Wavelet Based Local Descriptor for Human Action Recognition.,Ling Shao,https://dblp.org/pid/75/1281.html,BMVC,2010
A Wavelet Based Local Descriptor for Human Action Recognition.,Ruoyun Gao,https://dblp.org/pid/09/8939.html,BMVC,2010
Inferring Image Transformation and Structure from Motion-Blurred Images.,Paramanand Chandramouli,https://dblp.org/pid/83/6065.html,BMVC,2010
Inferring Image Transformation and Structure from Motion-Blurred Images.,Ambasamudram N. Rajagopalan,https://dblp.org/pid/73/3473.html,BMVC,2010
Graph-based Analysis of Textured Images for Hierarchical Segmentation.,Raffaele Gaetano,https://dblp.org/pid/12/2838.html,BMVC,2010
Graph-based Analysis of Textured Images for Hierarchical Segmentation.,Giuseppe Scarpa,https://dblp.org/pid/29/2524.html,BMVC,2010
Graph-based Analysis of Textured Images for Hierarchical Segmentation.,Tamás Szirányi,https://dblp.org/pid/82/5404.html,BMVC,2010
A Linear Approach to Face Shape and Texture Recovery using a 3D Morphable Model.,Oswald Aldrian,https://dblp.org/pid/72/8843.html,BMVC,2010
A Linear Approach to Face Shape and Texture Recovery using a 3D Morphable Model.,William A. P. Smith,https://dblp.org/pid/84/1121.html,BMVC,2010
Histogram of Oriented Cameras - A New Descriptor for Visual SLAM in Dynamic Environments.,Katrin Pirker,https://dblp.org/pid/44/8938.html,BMVC,2010
Towards On-Line Intensity-Based Surface Recovery from Monocular Images.,Oliver Ruepp,https://dblp.org/pid/31/272.html,BMVC,2010
Towards On-Line Intensity-Based Surface Recovery from Monocular Images.,Darius Burschka,https://dblp.org/pid/b/DariusBurschka.html,BMVC,2010
Towards On-Line Intensity-Based Surface Recovery from Monocular Images.,Robert Bauernschmitt,https://dblp.org/pid/75/641.html,BMVC,2010
Robust Texture Recognition Using Credal Classifiers.,Giorgio Corani,https://dblp.org/pid/31/4395.html,BMVC,2010
Robust Texture Recognition Using Credal Classifiers.,Alessandro Giusti,https://dblp.org/pid/71/6528.html,BMVC,2010
Robust Texture Recognition Using Credal Classifiers.,Davide Migliore,https://dblp.org/pid/99/2220.html,BMVC,2010
Robust Texture Recognition Using Credal Classifiers.,Jürgen Schmidhuber,https://dblp.org/pid/s/JurgenSchmidhuber.html,BMVC,2010
Recognition from Appearance Subspaces across Image Sets of Variable Scale.,Ognjen Arandjelovic,https://dblp.org/pid/98/5718.html,BMVC,2010
Manifold Learning for ToF-based Human Body Tracking and Activity Recognition.,Loren Arthur Schwarz,https://dblp.org/pid/19/1971.html,BMVC,2010
Manifold Learning for ToF-based Human Body Tracking and Activity Recognition.,Diana Mateus,https://dblp.org/pid/55/6754.html,BMVC,2010
Manifold Learning for ToF-based Human Body Tracking and Activity Recognition.,Victor Castañeda,https://dblp.org/pid/93/8487.html,BMVC,2010
Manifold Learning for ToF-based Human Body Tracking and Activity Recognition.,Nassir Navab,https://dblp.org/pid/n/NassirNavab.html,BMVC,2010
Improved 3D Model Search for Facial Feature Location and Pose Estimation in 2D images.,Angela Caunce,https://dblp.org/pid/90/4754.html,BMVC,2010
Improved 3D Model Search for Facial Feature Location and Pose Estimation in 2D images.,Christopher J. Taylor,https://dblp.org/pid/37/6755.html,BMVC,2010
Improved 3D Model Search for Facial Feature Location and Pose Estimation in 2D images.,Timothy F. Cootes,https://dblp.org/pid/22/4959.html,BMVC,2010
Manifold Learning for Multi-Modal Image Registration.,Christian Wachinger,https://dblp.org/pid/79/5985.html,BMVC,2010
Manifold Learning for Multi-Modal Image Registration.,Nassir Navab,https://dblp.org/pid/n/NassirNavab.html,BMVC,2010
Segmentation using Deformable Spatial Priors with Application to Clothing.,Basela Hasan,https://dblp.org/pid/18/8938.html,BMVC,2010
Segmentation using Deformable Spatial Priors with Application to Clothing.,David C. Hogg,https://dblp.org/pid/h/DHogg.html,BMVC,2010
Depth Estimation and Inpainting with an Unconstrained Camera.,Arnav V. Bhavsar,https://dblp.org/pid/31/4386.html,BMVC,2010
Depth Estimation and Inpainting with an Unconstrained Camera.,Ambasamudram N. Rajagopalan,https://dblp.org/pid/73/3473.html,BMVC,2010
SLP: A Zero-Contact Non-Invasive Method for Pulmonary Function Testing.,Willem de Boer,https://dblp.org/pid/35/6322.html,BMVC,2010
SLP: A Zero-Contact Non-Invasive Method for Pulmonary Function Testing.,Joan Lasenby,https://dblp.org/pid/62/3833.html,BMVC,2010
SLP: A Zero-Contact Non-Invasive Method for Pulmonary Function Testing.,Jonathan Cameron,https://dblp.org/pid/34/4952.html,BMVC,2010
SLP: A Zero-Contact Non-Invasive Method for Pulmonary Function Testing.,Rich Wareham,https://dblp.org/pid/72/5169.html,BMVC,2010
SLP: A Zero-Contact Non-Invasive Method for Pulmonary Function Testing.,Shiraz Ahmad,https://dblp.org/pid/40/8937.html,BMVC,2010
SLP: A Zero-Contact Non-Invasive Method for Pulmonary Function Testing.,Charlotte Roach,https://dblp.org/pid/65/8938.html,BMVC,2010
SLP: A Zero-Contact Non-Invasive Method for Pulmonary Function Testing.,Ward Hills,https://dblp.org/pid/37/8937.html,BMVC,2010
SLP: A Zero-Contact Non-Invasive Method for Pulmonary Function Testing.,Richard Iles,https://dblp.org/pid/71/8938.html,BMVC,2010
Tripartie Graph Models for Multi Modal Retrieval.,Chandrika Pulla,https://dblp.org/pid/65/7543.html,BMVC,2010
Tripartie Graph Models for Multi Modal Retrieval.,C. V. Jawahar,https://dblp.org/pid/j/CVJawahar.html,BMVC,2010
Incremental Model Selection for Detection and Tracking of Planar Surfaces.,Johann Prankl,https://dblp.org/pid/95/7446.html,BMVC,2010
Incremental Model Selection for Detection and Tracking of Planar Surfaces.,Michael Zillich,https://dblp.org/pid/88/401.html,BMVC,2010
Incremental Model Selection for Detection and Tracking of Planar Surfaces.,Bastian Leibe,https://dblp.org/pid/41/1228.html,BMVC,2010
Incremental Model Selection for Detection and Tracking of Planar Surfaces.,Markus Vincze,https://dblp.org/pid/23/6056.html,BMVC,2010
Histogram of Body Poses and Spectral Regression Discriminant Analysis for Human Action Categorization.,Ling Shao,https://dblp.org/pid/75/1281.html,BMVC,2010
Histogram of Body Poses and Spectral Regression Discriminant Analysis for Human Action Categorization.,Xiuli Chen,https://dblp.org/pid/80/8937.html,BMVC,2010
Three-step image rectification.,Pascal Monasse,https://dblp.org/pid/55/2310.html,BMVC,2010
Three-step image rectification.,Jean-Michel Morel,https://dblp.org/pid/14/3755.html,BMVC,2010
Three-step image rectification.,Zhongwei Tang,https://dblp.org/pid/86/8842.html,BMVC,2010
Pose and Expression-Invariant 3D Face Recognition using Elastic Radial Curves.,Hassen Drira,https://dblp.org/pid/26/5921.html,BMVC,2010
Pose and Expression-Invariant 3D Face Recognition using Elastic Radial Curves.,Boulbaba Ben Amor,https://dblp.org/pid/16/585.html,BMVC,2010
Pose and Expression-Invariant 3D Face Recognition using Elastic Radial Curves.,Mohamed Daoudi,https://dblp.org/pid/73/2417.html,BMVC,2010
Pose and Expression-Invariant 3D Face Recognition using Elastic Radial Curves.,Anuj Srivastava,https://dblp.org/pid/32/6819.html,BMVC,2010
Additive Update Predictors in Active Appearance Models.,Philip A. Tresadern,https://dblp.org/pid/23/6186.html,BMVC,2010
Additive Update Predictors in Active Appearance Models.,Patrick Sauer,https://dblp.org/pid/89/8938.html,BMVC,2010
Additive Update Predictors in Active Appearance Models.,Timothy F. Cootes,https://dblp.org/pid/22/4959.html,BMVC,2010
Camera Calibration and Scene Modeling from Arbitrary Parallelograms Imposing the Multiview Constraints.,Jae-Hean Kim,https://dblp.org/pid/65/5116.html,BMVC,2010
Camera Calibration and Scene Modeling from Arbitrary Parallelograms Imposing the Multiview Constraints.,Bon-Ki Koo,https://dblp.org/pid/51/3927.html,BMVC,2010
Classifying Textile Designs using Region Graphs.,Wei Jia,https://dblp.org/pid/43/1191-7.html,BMVC,2010
Classifying Textile Designs using Region Graphs.,Stephen J. McKenna,https://dblp.org/pid/55/2538.html,BMVC,2010
Classifying Textile Designs using Region Graphs.,Annette A. Ward,https://dblp.org/pid/35/5445.html,BMVC,2010
Classifying Textile Designs using Region Graphs.,Keith Edwards,https://dblp.org/pid/18/2912.html,BMVC,2010
Evaluation of dimensionality reduction methods for image auto-annotation.,Hideki Nakayama,https://dblp.org/pid/09/1592.html,BMVC,2010
Evaluation of dimensionality reduction methods for image auto-annotation.,Tatsuya Harada,https://dblp.org/pid/14/5849.html,BMVC,2010
Evaluation of dimensionality reduction methods for image auto-annotation.,Yasuo Kuniyoshi,https://dblp.org/pid/42/4337.html,BMVC,2010
Improving bag-of-features action recognition with non-local cues.,Muhammad Muneeb Ullah,https://dblp.org/pid/37/1261.html,BMVC,2010
Improving bag-of-features action recognition with non-local cues.,Sobhan Naderi Parizi,https://dblp.org/pid/33/6765.html,BMVC,2010
Improving bag-of-features action recognition with non-local cues.,Ivan Laptev,https://dblp.org/pid/41/1854.html,BMVC,2010
Background Modelling on Tensor Field for Foreground Segmentation.,Rui Caseiro,https://dblp.org/pid/06/6058.html,BMVC,2010
Background Modelling on Tensor Field for Foreground Segmentation.,Jorge Batista,https://dblp.org/pid/26/4565.html,BMVC,2010
Background Modelling on Tensor Field for Foreground Segmentation.,Pedro Martins,https://dblp.org/pid/59/2784-4.html,BMVC,2010
Recognizing human actions in still images: a study of bag-of-features and part-based representations.,Vincent Delaitre,https://dblp.org/pid/89/7737.html,BMVC,2010
Recognizing human actions in still images: a study of bag-of-features and part-based representations.,Ivan Laptev,https://dblp.org/pid/41/1854.html,BMVC,2010
Recognizing human actions in still images: a study of bag-of-features and part-based representations.,Josef Sivic,https://dblp.org/pid/71/5006.html,BMVC,2010
Local Gaussian Processes for Pose Recognition from Noisy Inputs.,Martin Fergie,https://dblp.org/pid/73/8937.html,BMVC,2010
Local Gaussian Processes for Pose Recognition from Noisy Inputs.,Aphrodite Galata,https://dblp.org/pid/31/4420.html,BMVC,2010
Face Alignment Through 2.5D Active Appearance Models.,Pedro Martins,https://dblp.org/pid/59/2784-4.html,BMVC,2010
Face Alignment Through 2.5D Active Appearance Models.,Jorge Batista,https://dblp.org/pid/26/4565.html,BMVC,2010
Face Alignment Through 2.5D Active Appearance Models.,Rui Caseiro,https://dblp.org/pid/06/6058.html,BMVC,2010
Electoral College and Direct Popular Vote for Multi-Candidate Election.,Liang Chen,https://dblp.org/pid/01/5394.html,BMVC,2010
TV-Based Multi-Label Image Segmentation with Label Cost Prior.,Jing Yuan,https://dblp.org/pid/17/5765-1.html,BMVC,2010
TV-Based Multi-Label Image Segmentation with Label Cost Prior.,Yuri Boykov,https://dblp.org/pid/b/YuriBoykov.html,BMVC,2010
Sparse Sparse Bundle Adjustment.,Kurt Konolige,https://dblp.org/pid/k/KurtKonolige.html,BMVC,2010
Mean-Shift Visual Tracking with NP-Windows Density Estimates.,Ian Reid,https://dblp.org/pid/r/IanDReid1.html,BMVC,2010
Mean-Shift Visual Tracking with NP-Windows Density Estimates.,Chuan Zhao,https://dblp.org/pid/26/4665.html,BMVC,2010
Joint Optimisation for Object Class Segmentation and Dense Stereo Reconstruction.,Lubor Ladicky,https://dblp.org/pid/44/4353.html,BMVC,2010
Joint Optimisation for Object Class Segmentation and Dense Stereo Reconstruction.,Paul Sturgess,https://dblp.org/pid/37/8610.html,BMVC,2010
Joint Optimisation for Object Class Segmentation and Dense Stereo Reconstruction.,Chris Russell,https://dblp.org/pid/57/9988-1.html,BMVC,2010
Joint Optimisation for Object Class Segmentation and Dense Stereo Reconstruction.,Sunando Sengupta,https://dblp.org/pid/81/8739.html,BMVC,2010
Joint Optimisation for Object Class Segmentation and Dense Stereo Reconstruction.,Yalin Bastanlar,https://dblp.org/pid/01/1963.html,BMVC,2010
Joint Optimisation for Object Class Segmentation and Dense Stereo Reconstruction.,William F. Clocksin,https://dblp.org/pid/c/WFClocksin.html,BMVC,2010
Joint Optimisation for Object Class Segmentation and Dense Stereo Reconstruction.,Philip H. S. Torr,https://dblp.org/pid/t/PhilipHSTorr.html,BMVC,2010
Implicit Shape Kernel for Discriminative Learning of the Hough Transform Detector.,Yimeng Zhang,https://dblp.org/pid/60/7633.html,BMVC,2010
Implicit Shape Kernel for Discriminative Learning of the Hough Transform Detector.,Tsuhan Chen,https://dblp.org/pid/c/TsuhanChen.html,BMVC,2010
Back to the Future: Learning Shape Models from 3D CAD Data.,Michael Stark,https://dblp.org/pid/86/4096-3.html,BMVC,2010
Back to the Future: Learning Shape Models from 3D CAD Data.,Michael Goesele,https://dblp.org/pid/94/104.html,BMVC,2010
Back to the Future: Learning Shape Models from 3D CAD Data.,Bernt Schiele,https://dblp.org/pid/s/BerntSchiele.html,BMVC,2010
Representations for object and action recognition.,Martial Hebert,https://dblp.org/pid/h/MartialHebert.html,BMVC,2010
Insect Species Recognition using Sparse Representation.,An Lu,https://dblp.org/pid/63/2921.html,BMVC,2010
Insect Species Recognition using Sparse Representation.,Xin Hou,https://dblp.org/pid/43/4444.html,BMVC,2010
Insect Species Recognition using Sparse Representation.,Chen Lin,https://dblp.org/pid/37/3102.html,BMVC,2010
Insect Species Recognition using Sparse Representation.,Cheng-Lin Liu,https://dblp.org/pid/24/3006.html,BMVC,2010
Cross View Gait Recognition Using Correlation Strength.,Khalid Bashir,https://dblp.org/pid/64/7819.html,BMVC,2010
Cross View Gait Recognition Using Correlation Strength.,Tao Xiang,https://dblp.org/pid/22/4460.html,BMVC,2010
Cross View Gait Recognition Using Correlation Strength.,Shaogang Gong,https://dblp.org/pid/17/4389.html,BMVC,2010
Saliency Segmentation based on Learning and Graph Cut Refinement.,Paria Mehrani,https://dblp.org/pid/30/8740.html,BMVC,2010
Saliency Segmentation based on Learning and Graph Cut Refinement.,Olga Veksler,https://dblp.org/pid/v/OlgaVeksler.html,BMVC,2010
Deterministic Sample Consensus with Multiple Match Hypotheses.,Paul McIlroy,https://dblp.org/pid/21/2644.html,BMVC,2010
Deterministic Sample Consensus with Multiple Match Hypotheses.,Edward Rosten,https://dblp.org/pid/14/3630.html,BMVC,2010
Deterministic Sample Consensus with Multiple Match Hypotheses.,Simon Taylor,https://dblp.org/pid/64/1126.html,BMVC,2010
Deterministic Sample Consensus with Multiple Match Hypotheses.,Tom Drummond,https://dblp.org/pid/50/1633.html,BMVC,2010
Feature Sets and Dimensionality Reduction for Visual Object Detection.,Sibt ul Hussain,https://dblp.org/pid/79/8938.html,BMVC,2010
Feature Sets and Dimensionality Reduction for Visual Object Detection.,Bill Triggs,https://dblp.org/pid/49/1622.html,BMVC,2010
Revisiting Horn and Schunck: Interpretation as Gauss-Newton Optimisation.,Darko Zikic,https://dblp.org/pid/63/2085.html,BMVC,2010
Revisiting Horn and Schunck: Interpretation as Gauss-Newton Optimisation.,Ali Kamen,https://dblp.org/pid/38/8280.html,BMVC,2010
Revisiting Horn and Schunck: Interpretation as Gauss-Newton Optimisation.,Nassir Navab,https://dblp.org/pid/n/NassirNavab.html,BMVC,2010
Catadioptric camera model with conic mirror.,Gonzalo López-Nicolás,https://dblp.org/pid/19/3838.html,BMVC,2010
Catadioptric camera model with conic mirror.,Carlos Sagüés,https://dblp.org/pid/10/1812.html,BMVC,2010
Automatic annotation of unique locations from video and text.,Chris Engels,https://dblp.org/pid/76/5744.html,BMVC,2010
Automatic annotation of unique locations from video and text.,Koen Deschacht,https://dblp.org/pid/53/1444.html,BMVC,2010
Automatic annotation of unique locations from video and text.,Jan Hendrik Becker,https://dblp.org/pid/66/8937.html,BMVC,2010
Automatic annotation of unique locations from video and text.,Tinne Tuytelaars,https://dblp.org/pid/79/2382.html,BMVC,2010
Automatic annotation of unique locations from video and text.,Sien Moens,https://dblp.org/pid/m/MarieFrancineMoens.html,BMVC,2010
Automatic annotation of unique locations from video and text.,Luc Van Gool,https://dblp.org/pid/61/5017.html,BMVC,2010
Image-based walkthroughs from incremental and partial scene reconstructions.,Kumar Srijan,https://dblp.org/pid/70/8937.html,BMVC,2010
Image-based walkthroughs from incremental and partial scene reconstructions.,Syed Ahsan Ishtiaque,https://dblp.org/pid/51/9065.html,BMVC,2010
Image-based walkthroughs from incremental and partial scene reconstructions.,Sudipta Sinha,https://dblp.org/pid/52/8938.html,BMVC,2010
Image-based walkthroughs from incremental and partial scene reconstructions.,C. V. Jawahar,https://dblp.org/pid/j/CVJawahar.html,BMVC,2010
Probabilistic Latent Sequential Motifs: Discovering Temporal Activity Patterns in Video Scenes.,Jagannadan Varadarajan,https://dblp.org/pid/30/8937.html,BMVC,2010
Probabilistic Latent Sequential Motifs: Discovering Temporal Activity Patterns in Video Scenes.,Rémi Emonet,https://dblp.org/pid/53/2975.html,BMVC,2010
Probabilistic Latent Sequential Motifs: Discovering Temporal Activity Patterns in Video Scenes.,Jean-Marc Odobez,https://dblp.org/pid/98/1208.html,BMVC,2010
Multi-View Planning for Simultaneous Coverage and Accuracy Optimisation.,Christoph Munkelt,https://dblp.org/pid/78/4619.html,BMVC,2010
Multi-View Planning for Simultaneous Coverage and Accuracy Optimisation.,Andreas Breitbarth,https://dblp.org/pid/67/8938.html,BMVC,2010
Multi-View Planning for Simultaneous Coverage and Accuracy Optimisation.,Gunther Notni,https://dblp.org/pid/91/2753.html,BMVC,2010
Multi-View Planning for Simultaneous Coverage and Accuracy Optimisation.,Joachim Denzler,https://dblp.org/pid/d/JoachimDenzler.html,BMVC,2010
Active 3D Segmentation through Fixation of Previously Unseen Objects.,Mårten Björkman,https://dblp.org/pid/55/6781.html,BMVC,2010
Active 3D Segmentation through Fixation of Previously Unseen Objects.,Danica Kragic,https://dblp.org/pid/82/1211.html,BMVC,2010
