paper_title,author_name,author_link,conference_name,conference_year
Segmentation of Hybrid Motions via Hybrid Quadratic Surface Analysis.,Shankar R. Rao,https://dblp.org/pid/13/2244.html,ICCV,2005
Segmentation of Hybrid Motions via Hybrid Quadratic Surface Analysis.,Allen Y. Yang,https://dblp.org/pid/y/AllenYYang.html,ICCV,2005
Segmentation of Hybrid Motions via Hybrid Quadratic Surface Analysis.,Andrew Wagner,https://dblp.org/pid/05/4874.html,ICCV,2005
Segmentation of Hybrid Motions via Hybrid Quadratic Surface Analysis.,Yi Ma,https://dblp.org/pid/69/1112-1.html,ICCV,2005
Detection and Tracking of Moving Objects from a Moving Platform in Presence of Strong Parallax.,Jinman Kang,https://dblp.org/pid/83/6493.html,ICCV,2005
Detection and Tracking of Moving Objects from a Moving Platform in Presence of Strong Parallax.,Isaac Cohen,https://dblp.org/pid/35/5576.html,ICCV,2005
Detection and Tracking of Moving Objects from a Moving Platform in Presence of Strong Parallax.,Gérard G. Medioni,https://dblp.org/pid/02/3016.html,ICCV,2005
Detection and Tracking of Moving Objects from a Moving Platform in Presence of Strong Parallax.,Chang Yuan,https://dblp.org/pid/70/2482.html,ICCV,2005
Simultaneous Multiple 3D Motion Estimation via Mode Finding on Lie Groups.,Oncel Tuzel,https://dblp.org/pid/73/2943.html,ICCV,2005
Simultaneous Multiple 3D Motion Estimation via Mode Finding on Lie Groups.,Raghav Subbarao,https://dblp.org/pid/95/4047.html,ICCV,2005
Simultaneous Multiple 3D Motion Estimation via Mode Finding on Lie Groups.,Peter Meer,https://dblp.org/pid/60/6290.html,ICCV,2005
Separating Transparent Layers of Repetitive Dynamic Behaviors.,Bernard Sarel,https://dblp.org/pid/56/1034.html,ICCV,2005
Separating Transparent Layers of Repetitive Dynamic Behaviors.,Michal Irani,https://dblp.org/pid/04/3190.html,ICCV,2005
Learning Layered Motion Segmentation of Video.,M. Pawan Kumar,https://dblp.org/pid/45/2527.html,ICCV,2005
Learning Layered Motion Segmentation of Video.,Philip H. S. Torr,https://dblp.org/pid/t/PhilipHSTorr.html,ICCV,2005
Learning Layered Motion Segmentation of Video.,Andrew Zisserman,https://dblp.org/pid/z/AndrewZisserman.html,ICCV,2005
On the Spatial Statistics of Optical Flow.,Stefan Roth,https://dblp.org/pid/24/3452.html,ICCV,2005
On the Spatial Statistics of Optical Flow.,Michael J. Black,https://dblp.org/pid/b/MichaelJBlack.html,ICCV,2005
Sparse Image Coding Using a 3D Non-Negative Tensor Factorization.,Tamir Hazan,https://dblp.org/pid/36/5041.html,ICCV,2005
Sparse Image Coding Using a 3D Non-Negative Tensor Factorization.,Simon Polak,https://dblp.org/pid/71/323.html,ICCV,2005
Sparse Image Coding Using a 3D Non-Negative Tensor Factorization.,Amnon Shashua,https://dblp.org/pid/47/1492.html,ICCV,2005
Perceptual Scale Space and its Applications.,Yizhou Wang,https://dblp.org/pid/71/3387-1.html,ICCV,2005
Perceptual Scale Space and its Applications.,Siavosh Bahrami,https://dblp.org/pid/18/176.html,ICCV,2005
Perceptual Scale Space and its Applications.,Song Chun Zhu,https://dblp.org/pid/10/10313.html,ICCV,2005
Active Search for Real-Time Vision.,Andrew J. Davison,https://dblp.org/pid/d/AndrewJDavison.html,ICCV,2005
Fast Recognition of Multi-View Faces with Feature Selection.,Zhi-Gang Fan,https://dblp.org/pid/02/5195.html,ICCV,2005
Fast Recognition of Multi-View Faces with Feature Selection.,Bao-Liang Lu,https://dblp.org/pid/09/3116.html,ICCV,2005
Combining Image Regions and Human Activity for Indirect Object Recognition in Indoor Wide-Angle Views.,Patrick Peursum,https://dblp.org/pid/44/5716.html,ICCV,2005
Combining Image Regions and Human Activity for Indirect Object Recognition in Indoor Wide-Angle Views.,Geoff A. W. West,https://dblp.org/pid/71/6668.html,ICCV,2005
Combining Image Regions and Human Activity for Indirect Object Recognition in Indoor Wide-Angle Views.,Svetha Venkatesh,https://dblp.org/pid/81/1984.html,ICCV,2005
"Detection of Multiple, Partially Occluded Humans in a Single Image by Bayesian Combination of Edgelet Part Detectors.",Bo Wu,https://dblp.org/pid/47/6534-1.html,ICCV,2005
"Detection of Multiple, Partially Occluded Humans in a Single Image by Bayesian Combination of Edgelet Part Detectors.",Ramakant Nevatia,https://dblp.org/pid/n/RamakantNevatia.html,ICCV,2005
A Semi-Supervised Framework for Mapping Data to the Intrinsic Manifold.,Haifeng Gong,https://dblp.org/pid/86/2506.html,ICCV,2005
A Semi-Supervised Framework for Mapping Data to the Intrinsic Manifold.,Chunhong Pan,https://dblp.org/pid/26/3810.html,ICCV,2005
A Semi-Supervised Framework for Mapping Data to the Intrinsic Manifold.,Qing Yang,https://dblp.org/pid/47/3749-2.html,ICCV,2005
A Semi-Supervised Framework for Mapping Data to the Intrinsic Manifold.,Hanqing Lu,https://dblp.org/pid/39/6752.html,ICCV,2005
A Semi-Supervised Framework for Mapping Data to the Intrinsic Manifold.,Songde Ma,https://dblp.org/pid/61/4254.html,ICCV,2005
Registration of Multimodal Fluorescein Images Sequence of the Retina.,Tae Eun Choe,https://dblp.org/pid/47/4589.html,ICCV,2005
Registration of Multimodal Fluorescein Images Sequence of the Retina.,Isaac Cohen,https://dblp.org/pid/35/5576.html,ICCV,2005
Kernel-Based Multifactor Analysis for Image Synthesis and Recognition.,Yang Li,https://dblp.org/pid/37/4190.html,ICCV,2005
Kernel-Based Multifactor Analysis for Image Synthesis and Recognition.,Yangzhou Du,https://dblp.org/pid/40/951.html,ICCV,2005
Kernel-Based Multifactor Analysis for Image Synthesis and Recognition.,Xueyin Lin,https://dblp.org/pid/54/4198.html,ICCV,2005
Non-Parametric Self-Calibration.,David Nistér,https://dblp.org/pid/07/1533.html,ICCV,2005
Non-Parametric Self-Calibration.,Henrik Stewénius,https://dblp.org/pid/58/409.html,ICCV,2005
Non-Parametric Self-Calibration.,Etienne Grossmann,https://dblp.org/pid/92/640.html,ICCV,2005
Basic Gray Level Aura Matrices: Theory and its Application to Texture Synthesis.,Xuejie Qin,https://dblp.org/pid/29/2331.html,ICCV,2005
Basic Gray Level Aura Matrices: Theory and its Application to Texture Synthesis.,Yee-Hong Yang,https://dblp.org/pid/01/184.html,ICCV,2005
Combining Generative Models and Fisher Kernels for Object Recognition.,Alex Holub,https://dblp.org/pid/33/176.html,ICCV,2005
Combining Generative Models and Fisher Kernels for Object Recognition.,Max Welling,https://dblp.org/pid/16/2286.html,ICCV,2005
Combining Generative Models and Fisher Kernels for Object Recognition.,Pietro Perona,https://dblp.org/pid/p/PietroPerona.html,ICCV,2005
Exploring the Space of a Human Action.,Yaser Sheikh,https://dblp.org/pid/71/3516.html,ICCV,2005
Exploring the Space of a Human Action.,Mumtaz Sheikh,https://dblp.org/pid/78/5755.html,ICCV,2005
Exploring the Space of a Human Action.,Mubarak Shah,https://dblp.org/pid/s/MubarakShah.html,ICCV,2005
Recognizing Human Actions in Videos Acquired by Uncalibrated Moving Cameras.,Alper Yilmaz,https://dblp.org/pid/11/1315.html,ICCV,2005
Recognizing Human Actions in Videos Acquired by Uncalibrated Moving Cameras.,Mubarak Shah,https://dblp.org/pid/s/MubarakShah.html,ICCV,2005
Hilbert Functions and Applications to the Estimation of Subspace Arrangements.,Allen Y. Yang,https://dblp.org/pid/y/AllenYYang.html,ICCV,2005
Hilbert Functions and Applications to the Estimation of Subspace Arrangements.,Robert M. Fossum,https://dblp.org/pid/66/6014.html,ICCV,2005
Efficient Visual Event Detection Using Volumetric Features.,Yan Ke,https://dblp.org/pid/13/6836.html,ICCV,2005
Efficient Visual Event Detection Using Volumetric Features.,Rahul Sukthankar,https://dblp.org/pid/57/3775.html,ICCV,2005
Efficient Visual Event Detection Using Volumetric Features.,Martial Hebert,https://dblp.org/pid/h/MartialHebert.html,ICCV,2005
An Algebraic Approach to Surface Reconstruction from Gradient Fields.,Amit K. Agrawal,https://dblp.org/pid/a/AmitKAgrawal.html,ICCV,2005
An Algebraic Approach to Surface Reconstruction from Gradient Fields.,Rama Chellappa,https://dblp.org/pid/c/RamaChellappa.html,ICCV,2005
An Algebraic Approach to Surface Reconstruction from Gradient Fields.,Ramesh Raskar,https://dblp.org/pid/r/RameshRaskar.html,ICCV,2005
On Optimizing Template Matching via Performance Characterization.,Tony X. Han,https://dblp.org/pid/11/5694.html,ICCV,2005
On Optimizing Template Matching via Performance Characterization.,Visvanathan Ramesh,https://dblp.org/pid/01/4906.html,ICCV,2005
On Optimizing Template Matching via Performance Characterization.,Ying Zhu,https://dblp.org/pid/01/2082.html,ICCV,2005
On Optimizing Template Matching via Performance Characterization.,Thomas S. Huang,https://dblp.org/pid/h/ThomasSHuang.html,ICCV,2005
Mutual Information Regularized Bayesian Framework for Multiple Image Restoration.,Yunqiang Chen,https://dblp.org/pid/55/5096.html,ICCV,2005
Mutual Information Regularized Bayesian Framework for Multiple Image Restoration.,Hongcheng Wang,https://dblp.org/pid/76/1170.html,ICCV,2005
Mutual Information Regularized Bayesian Framework for Multiple Image Restoration.,Tong Fang,https://dblp.org/pid/39/234.html,ICCV,2005
Mutual Information Regularized Bayesian Framework for Multiple Image Restoration.,Jason Tyan,https://dblp.org/pid/22/1396.html,ICCV,2005
Is ICA Significantly Better than PCA for Face Recognition?.,Jian Yang,https://dblp.org/pid/y/JianYang3.html,ICCV,2005
Is ICA Significantly Better than PCA for Face Recognition?.,David Zhang,https://dblp.org/pid/z/DavidZhang.html,ICCV,2005
Is ICA Significantly Better than PCA for Face Recognition?.,Jing-Yu Yang,https://dblp.org/pid/65/2850-1.html,ICCV,2005
Prior-Based Segmentation by Projective Registration and Level Sets.,Tammy Riklin-Raviv,https://dblp.org/pid/87/6827.html,ICCV,2005
Prior-Based Segmentation by Projective Registration and Level Sets.,Nahum Kiryati,https://dblp.org/pid/69/1868.html,ICCV,2005
Prior-Based Segmentation by Projective Registration and Level Sets.,Nir A. Sochen,https://dblp.org/pid/s/NirASochen.html,ICCV,2005
Fast Multiple Object Tracking via a Hierarchical Particle Filter.,Changjiang Yang,https://dblp.org/pid/09/933.html,ICCV,2005
Fast Multiple Object Tracking via a Hierarchical Particle Filter.,Ramani Duraiswami,https://dblp.org/pid/d/RamaniDuraiswami.html,ICCV,2005
Fast Multiple Object Tracking via a Hierarchical Particle Filter.,Larry S. Davis,https://dblp.org/pid/d/LarrySDavis.html,ICCV,2005
Feature Hierarchies for Object Classification.,Boris Epshtein,https://dblp.org/pid/34/6262.html,ICCV,2005
Feature Hierarchies for Object Classification.,Shimon Ullman,https://dblp.org/pid/93/2158.html,ICCV,2005
"Using Frontier Points to Recover Shape, Reflectance and Illumunation.",George Vogiatzis,https://dblp.org/pid/36/2989.html,ICCV,2005
"Using Frontier Points to Recover Shape, Reflectance and Illumunation.",Paolo Favaro,https://dblp.org/pid/02/4162.html,ICCV,2005
"Using Frontier Points to Recover Shape, Reflectance and Illumunation.",Roberto Cipolla,https://dblp.org/pid/c/RobertoCipolla.html,ICCV,2005
Multi-Scale Gesture Recognition from Time-Varying Contours.,Hong Li,https://dblp.org/pid/93/6234.html,ICCV,2005
Multi-Scale Gesture Recognition from Time-Varying Contours.,Michael A. Greenspan,https://dblp.org/pid/g/MichaelAGreenspan.html,ICCV,2005
Integrated Spatial and Frequency Domain 2D Motion Segmentation and Estimation.,Alexia Briassouli,https://dblp.org/pid/50/613.html,ICCV,2005
Integrated Spatial and Frequency Domain 2D Motion Segmentation and Estimation.,Narendra Ahuja,https://dblp.org/pid/30/3572.html,ICCV,2005
Shape Parameter Optimization for AdaBoosted Active Shape Model.,Yuanzhong Li,https://dblp.org/pid/73/5972.html,ICCV,2005
Shape Parameter Optimization for AdaBoosted Active Shape Model.,Wataru Ito,https://dblp.org/pid/02/2730.html,ICCV,2005
A Multilevel Banded Graph Cuts Method for Fast Image Segmentation.,Herve Lombaert,https://dblp.org/pid/92/1233.html,ICCV,2005
A Multilevel Banded Graph Cuts Method for Fast Image Segmentation.,Yiyong Sun,https://dblp.org/pid/66/5969.html,ICCV,2005
A Multilevel Banded Graph Cuts Method for Fast Image Segmentation.,Leo J. Grady,https://dblp.org/pid/90/6443.html,ICCV,2005
A Multilevel Banded Graph Cuts Method for Fast Image Segmentation.,Chenyang Xu,https://dblp.org/pid/82/5658-1.html,ICCV,2005
A Practical Single Image Based Approach for Estimating Illumination Distribution from Shadows.,Taeone Kim,https://dblp.org/pid/87/6977.html,ICCV,2005
A Practical Single Image Based Approach for Estimating Illumination Distribution from Shadows.,Ki-Sang Hong,https://dblp.org/pid/26/5507.html,ICCV,2005
3D Object Reconstruction from a Single 2D Line Drawing without Hidden Lines.,Liangliang Cao,https://dblp.org/pid/95/6915.html,ICCV,2005
3D Object Reconstruction from a Single 2D Line Drawing without Hidden Lines.,Jianzhuang Liu,https://dblp.org/pid/l/JianzhuangLiu.html,ICCV,2005
3D Object Reconstruction from a Single 2D Line Drawing without Hidden Lines.,Xiaoou Tang,https://dblp.org/pid/04/5226.html,ICCV,2005
Robust Path-Based Spectral Clustering with Application to Image Segmentation.,Hong Chang,https://dblp.org/pid/02/2689.html,ICCV,2005
Robust Path-Based Spectral Clustering with Application to Image Segmentation.,Dit-Yan Yeung,https://dblp.org/pid/41/5668.html,ICCV,2005
Building a Classification Cascade for Visual Identification from One Example.,Andras Ferencz,https://dblp.org/pid/39/6806.html,ICCV,2005
Building a Classification Cascade for Visual Identification from One Example.,Erik G. Learned-Miller,https://dblp.org/pid/l/ErikGLearnedMiller.html,ICCV,2005
Building a Classification Cascade for Visual Identification from One Example.,Jitendra Malik,https://dblp.org/pid/58/2944.html,ICCV,2005
A Unifying Approach to Hard and Probabilistic Clustering.,Ron Zass,https://dblp.org/pid/34/1446.html,ICCV,2005
A Unifying Approach to Hard and Probabilistic Clustering.,Amnon Shashua,https://dblp.org/pid/47/1492.html,ICCV,2005
Probabilistic Contour Extraction Using Hierarchical Shape Representation.,Xin Fan,https://dblp.org/pid/87/3021.html,ICCV,2005
Probabilistic Contour Extraction Using Hierarchical Shape Representation.,Chun Qi,https://dblp.org/pid/75/4214.html,ICCV,2005
Probabilistic Contour Extraction Using Hierarchical Shape Representation.,Dequn Liang,https://dblp.org/pid/61/5594.html,ICCV,2005
Probabilistic Contour Extraction Using Hierarchical Shape Representation.,Hua Huang,https://dblp.org/pid/70/5618-1.html,ICCV,2005
Multi-View Surface Reconstruction Using Polarization.,Gary A. Atkinson,https://dblp.org/pid/02/3841.html,ICCV,2005
Multi-View Surface Reconstruction Using Polarization.,Edwin R. Hancock,https://dblp.org/pid/h/EdwinRHancock.html,ICCV,2005
Degenerate Cases and Closed-form Solutions for Camera Calibration with One-Dimensional Objects.,Pär Hammarstedt,https://dblp.org/pid/89/4822.html,ICCV,2005
Degenerate Cases and Closed-form Solutions for Camera Calibration with One-Dimensional Objects.,Peter F. Sturm,https://dblp.org/pid/s/PeterFSturm.html,ICCV,2005
Degenerate Cases and Closed-form Solutions for Camera Calibration with One-Dimensional Objects.,Anders Heyden,https://dblp.org/pid/85/717.html,ICCV,2005
Using Extended Light Sources for Modeling Object Appearance under Varying Illumination.,Imari Sato,https://dblp.org/pid/92/1010.html,ICCV,2005
Using Extended Light Sources for Modeling Object Appearance under Varying Illumination.,Takahiro Okabe,https://dblp.org/pid/83/431.html,ICCV,2005
Using Extended Light Sources for Modeling Object Appearance under Varying Illumination.,Yoichi Sato,https://dblp.org/pid/64/5287.html,ICCV,2005
Using Extended Light Sources for Modeling Object Appearance under Varying Illumination.,Katsushi Ikeuchi,https://dblp.org/pid/44/4771.html,ICCV,2005
Detection of Concentric Circles for Camera Calibration.,Guang Jiang,https://dblp.org/pid/01/3928.html,ICCV,2005
Detection of Concentric Circles for Camera Calibration.,Long Quan,https://dblp.org/pid/04/575.html,ICCV,2005
Shape and Spatially-Varying BRDFs from Photometric Stereo.,Dan B. Goldman,https://dblp.org/pid/28/5892.html,ICCV,2005
Shape and Spatially-Varying BRDFs from Photometric Stereo.,Brian Curless,https://dblp.org/pid/c/BrianCurless.html,ICCV,2005
Shape and Spatially-Varying BRDFs from Photometric Stereo.,Aaron Hertzmann,https://dblp.org/pid/91/3132.html,ICCV,2005
Shape and Spatially-Varying BRDFs from Photometric Stereo.,Steven M. Seitz,https://dblp.org/pid/s/StevenMSeitz.html,ICCV,2005
Multi-View Reconstruction Using Photo-consistency and Exact Silhouette Constraints: A Maximum-Flow Formulation.,Sudipta N. Sinha,https://dblp.org/pid/05/257.html,ICCV,2005
Multi-View Reconstruction Using Photo-consistency and Exact Silhouette Constraints: A Maximum-Flow Formulation.,Marc Pollefeys,https://dblp.org/pid/p/MarcPollefeys.html,ICCV,2005
"Avoiding the ""Streetlight Effect"": Tracking by Exploring Likelihood Modes.",David Demirdjian,https://dblp.org/pid/d/DavidDemirdjian.html,ICCV,2005
"Avoiding the ""Streetlight Effect"": Tracking by Exploring Likelihood Modes.",Leonid Taycher,https://dblp.org/pid/25/1689.html,ICCV,2005
"Avoiding the ""Streetlight Effect"": Tracking by Exploring Likelihood Modes.",Gregory Shakhnarovich,https://dblp.org/pid/17/1926.html,ICCV,2005
"Avoiding the ""Streetlight Effect"": Tracking by Exploring Likelihood Modes.",Kristen Grauman,https://dblp.org/pid/57/4553.html,ICCV,2005
"Avoiding the ""Streetlight Effect"": Tracking by Exploring Likelihood Modes.",Trevor Darrell,https://dblp.org/pid/d/TrevorDarrell.html,ICCV,2005
A Theoretical Limit on the Number of Effective Pixels that can be Optically Resolved on a Non-Planar Subject.,Robert Boman,https://dblp.org/pid/55/240.html,ICCV,2005
Discovering Objects and their Localization in Images.,Josef Sivic,https://dblp.org/pid/71/5006.html,ICCV,2005
Discovering Objects and their Localization in Images.,Bryan C. Russell,https://dblp.org/pid/29/2277.html,ICCV,2005
Discovering Objects and their Localization in Images.,Alexei A. Efros,https://dblp.org/pid/40/6158.html,ICCV,2005
Discovering Objects and their Localization in Images.,Andrew Zisserman,https://dblp.org/pid/z/AndrewZisserman.html,ICCV,2005
Discovering Objects and their Localization in Images.,William T. Freeman,https://dblp.org/pid/86/6650.html,ICCV,2005
Vehicle Identification between Non-Overlapping Cameras without Direct Feature Matching.,Ying Shan,https://dblp.org/pid/68/5910.html,ICCV,2005
Vehicle Identification between Non-Overlapping Cameras without Direct Feature Matching.,Harpreet S. Sawhney,https://dblp.org/pid/86/689.html,ICCV,2005
Vehicle Identification between Non-Overlapping Cameras without Direct Feature Matching.,Rakesh Kumar,https://dblp.org/pid/98/4371-1.html,ICCV,2005
High Resolution Tracking of Non-Rigid 3D Motion of Densely Sampled Data Using Harmonic Maps.,Yang Wang,https://dblp.org/pid/w/YangWang1.html,ICCV,2005
High Resolution Tracking of Non-Rigid 3D Motion of Densely Sampled Data Using Harmonic Maps.,Mohit Gupta,https://dblp.org/pid/g/MohitGupta.html,ICCV,2005
High Resolution Tracking of Non-Rigid 3D Motion of Densely Sampled Data Using Harmonic Maps.,Song Zhang,https://dblp.org/pid/65/363.html,ICCV,2005
High Resolution Tracking of Non-Rigid 3D Motion of Densely Sampled Data Using Harmonic Maps.,Sen Wang,https://dblp.org/pid/69/6403.html,ICCV,2005
High Resolution Tracking of Non-Rigid 3D Motion of Densely Sampled Data Using Harmonic Maps.,Xianfeng Gu,https://dblp.org/pid/g/XianfengGu.html,ICCV,2005
High Resolution Tracking of Non-Rigid 3D Motion of Densely Sampled Data Using Harmonic Maps.,Dimitris Samaras,https://dblp.org/pid/s/DimitrisSamaras.html,ICCV,2005
High Resolution Tracking of Non-Rigid 3D Motion of Densely Sampled Data Using Harmonic Maps.,Peisen Huang,https://dblp.org/pid/52/4909.html,ICCV,2005
A Stochastic Filter for Fluid Motion Tracking.,Anne Cuzol,https://dblp.org/pid/89/712.html,ICCV,2005
A Stochastic Filter for Fluid Motion Tracking.,Étienne Mémin,https://dblp.org/pid/90/2632.html,ICCV,2005
Priors for People Tracking from Small Training Sets.,Raquel Urtasun,https://dblp.org/pid/u/RaquelUrtasun.html,ICCV,2005
Priors for People Tracking from Small Training Sets.,David J. Fleet,https://dblp.org/pid/07/2099.html,ICCV,2005
Priors for People Tracking from Small Training Sets.,Aaron Hertzmann,https://dblp.org/pid/91/3132.html,ICCV,2005
Priors for People Tracking from Small Training Sets.,Pascal Fua,https://dblp.org/pid/f/PFua.html,ICCV,2005
Discontinuity Preserving Stereo with Small Baseline Multi-Flash Illumination.,Rogério Schmidt Feris,https://dblp.org/pid/f/RogerioSchmidtFeris.html,ICCV,2005
Discontinuity Preserving Stereo with Small Baseline Multi-Flash Illumination.,Ramesh Raskar,https://dblp.org/pid/r/RameshRaskar.html,ICCV,2005
Discontinuity Preserving Stereo with Small Baseline Multi-Flash Illumination.,Longbin Chen,https://dblp.org/pid/86/5111.html,ICCV,2005
Discontinuity Preserving Stereo with Small Baseline Multi-Flash Illumination.,Kar-Han Tan,https://dblp.org/pid/54/1825.html,ICCV,2005
Discontinuity Preserving Stereo with Small Baseline Multi-Flash Illumination.,Matthew A. Turk,https://dblp.org/pid/61/3381.html,ICCV,2005
Structured Light in Scattering Media.,Srinivasa G. Narasimhan,https://dblp.org/pid/57/2011.html,ICCV,2005
Structured Light in Scattering Media.,Shree K. Nayar,https://dblp.org/pid/n/ShreeKNayar.html,ICCV,2005
Structured Light in Scattering Media.,Bo Sun,https://dblp.org/pid/35/892.html,ICCV,2005
Structured Light in Scattering Media.,Sanjeev J. Koppal,https://dblp.org/pid/86/5412.html,ICCV,2005
Globally Optimal Solutions for Energy Minimization in Stereo Vision Using Reweighted Belief Propagation.,Talya Meltzer,https://dblp.org/pid/54/2981.html,ICCV,2005
Globally Optimal Solutions for Energy Minimization in Stereo Vision Using Reweighted Belief Propagation.,Chen Yanover,https://dblp.org/pid/13/2614.html,ICCV,2005
Globally Optimal Solutions for Energy Minimization in Stereo Vision Using Reweighted Belief Propagation.,Yair Weiss,https://dblp.org/pid/44/1092.html,ICCV,2005
BRDF Invariant Stereo Using Light Transport Constancy.,James E. Davis,https://dblp.org/pid/98/1944.html,ICCV,2005
BRDF Invariant Stereo Using Light Transport Constancy.,Ruigang Yang,https://dblp.org/pid/08/5690.html,ICCV,2005
BRDF Invariant Stereo Using Light Transport Constancy.,Liang Wang,https://dblp.org/pid/56/4499-2.html,ICCV,2005
Vector Boosting for Rotation Invariant Multi-View Face Detection.,Chang Huang,https://dblp.org/pid/17/2241.html,ICCV,2005
Vector Boosting for Rotation Invariant Multi-View Face Detection.,Haizhou Ai,https://dblp.org/pid/a/HaizhouAi.html,ICCV,2005
Vector Boosting for Rotation Invariant Multi-View Face Detection.,Yuan Li,https://dblp.org/pid/86/6196-22.html,ICCV,2005
Vector Boosting for Rotation Invariant Multi-View Face Detection.,Shihong Lao,https://dblp.org/pid/88/5273.html,ICCV,2005
Closely Coupled Object Detection and Segmentation.,Liang Zhao,https://dblp.org/pid/63/5422.html,ICCV,2005
Closely Coupled Object Detection and Segmentation.,Larry S. Davis,https://dblp.org/pid/d/LarrySDavis.html,ICCV,2005
Detecting Irregularities in Images and in Video.,Oren Boiman,https://dblp.org/pid/00/6704.html,ICCV,2005
Detecting Irregularities in Images and in Video.,Michal Irani,https://dblp.org/pid/04/3190.html,ICCV,2005
Beyond Trees: Common-Factor Models for 2D Human Pose Recovery.,Xiangyang Lan,https://dblp.org/pid/84/4014.html,ICCV,2005
Beyond Trees: Common-Factor Models for 2D Human Pose Recovery.,Daniel P. Huttenlocher,https://dblp.org/pid/h/DPHuttenlocher.html,ICCV,2005
A Bayesian Approach for Shadow Extraction from a Single Image.,Tai-Pang Wu,https://dblp.org/pid/53/5293.html,ICCV,2005
A Bayesian Approach for Shadow Extraction from a Single Image.,Chi-Keung Tang,https://dblp.org/pid/34/4366.html,ICCV,2005
8-Point Algorithm Revisited: Factorized 8-Point Algorithm.,Fuchao Wu,https://dblp.org/pid/46/1990.html,ICCV,2005
8-Point Algorithm Revisited: Factorized 8-Point Algorithm.,Zhanyi Hu,https://dblp.org/pid/35/6476.html,ICCV,2005
8-Point Algorithm Revisited: Factorized 8-Point Algorithm.,Fuqing Duan,https://dblp.org/pid/05/4405.html,ICCV,2005
Shape Classifer Based on Generalized Probabilistic Descent Method with Hidden Markov Descriptor.,Ninad Thakoor,https://dblp.org/pid/45/1837.html,ICCV,2005
Shape Classifer Based on Generalized Probabilistic Descent Method with Hidden Markov Descriptor.,Jean Gao,https://dblp.org/pid/18/4336.html,ICCV,2005
Contour-Based Learning for Object Detection.,Jamie Shotton,https://dblp.org/pid/47/572.html,ICCV,2005
Contour-Based Learning for Object Detection.,Andrew Blake,https://dblp.org/pid/b/AndrewBlake-1.html,ICCV,2005
Contour-Based Learning for Object Detection.,Roberto Cipolla,https://dblp.org/pid/c/RobertoCipolla.html,ICCV,2005
Multi-View AAM Fitting and Camera Calibration.,Seth Koterba,https://dblp.org/pid/30/2537.html,ICCV,2005
Multi-View AAM Fitting and Camera Calibration.,Simon Baker,https://dblp.org/pid/85/2539.html,ICCV,2005
Multi-View AAM Fitting and Camera Calibration.,Iain A. Matthews,https://dblp.org/pid/58/813.html,ICCV,2005
Multi-View AAM Fitting and Camera Calibration.,Changbo Hu,https://dblp.org/pid/50/5600.html,ICCV,2005
Multi-View AAM Fitting and Camera Calibration.,Jing Xiao,https://dblp.org/pid/67/4008.html,ICCV,2005
Multi-View AAM Fitting and Camera Calibration.,Jeffrey F. Cohn,https://dblp.org/pid/54/1171.html,ICCV,2005
Multi-View AAM Fitting and Camera Calibration.,Takeo Kanade,https://dblp.org/pid/k/TakeoKanade.html,ICCV,2005
Using Eye Reflections for Face Recognition Under Varying Illumination.,Ko Nishino,https://dblp.org/pid/07/2706.html,ICCV,2005
Using Eye Reflections for Face Recognition Under Varying Illumination.,Peter N. Belhumeur,https://dblp.org/pid/12/5558.html,ICCV,2005
Using Eye Reflections for Face Recognition Under Varying Illumination.,Shree K. Nayar,https://dblp.org/pid/n/ShreeKNayar.html,ICCV,2005
Mutual Information-Based 3D Surface Matching with Applications to Face Recognition and Brain Mapping.,Yalin Wang,https://dblp.org/pid/88/128-1.html,ICCV,2005
Mutual Information-Based 3D Surface Matching with Applications to Face Recognition and Brain Mapping.,Ming-Chang Chiang,https://dblp.org/pid/39/4031.html,ICCV,2005
Mutual Information-Based 3D Surface Matching with Applications to Face Recognition and Brain Mapping.,Paul M. Thompson,https://dblp.org/pid/t/PaulMThompson.html,ICCV,2005
Real-Time Interactively Distributed Multi-Object Tracking Using a Magnetic-Inertia Potential Model.,Wei Qu,https://dblp.org/pid/36/440.html,ICCV,2005
Real-Time Interactively Distributed Multi-Object Tracking Using a Magnetic-Inertia Potential Model.,Dan Schonfeld,https://dblp.org/pid/32/6590.html,ICCV,2005
Real-Time Interactively Distributed Multi-Object Tracking Using a Magnetic-Inertia Potential Model.,Magdi A. Mohamed,https://dblp.org/pid/26/4068.html,ICCV,2005
Image Based Regression Using Boosting Method.,Shaohua Kevin Zhou,https://dblp.org/pid/57/98.html,ICCV,2005
Image Based Regression Using Boosting Method.,Bogdan Georgescu,https://dblp.org/pid/91/1880.html,ICCV,2005
Image Based Regression Using Boosting Method.,Xiang Sean Zhou,https://dblp.org/pid/z/XiangSeanZhou.html,ICCV,2005
Image Based Regression Using Boosting Method.,Dorin Comaniciu,https://dblp.org/pid/54/4552.html,ICCV,2005
Efficient Block Noise Removal Based on Nonlinear Manifolds.,Haoying Fu,https://dblp.org/pid/95/4403.html,ICCV,2005
Efficient Block Noise Removal Based on Nonlinear Manifolds.,Hongyuan Zha,https://dblp.org/pid/z/HongyuanZha.html,ICCV,2005
Efficient Block Noise Removal Based on Nonlinear Manifolds.,Jesse L. Barlow,https://dblp.org/pid/72/5768.html,ICCV,2005
Improved Sub-pixel Stereo Correspondences through Symmetric Refinement.,Diego Nehab,https://dblp.org/pid/n/DiegoFNehab.html,ICCV,2005
Improved Sub-pixel Stereo Correspondences through Symmetric Refinement.,Szymon Rusinkiewicz,https://dblp.org/pid/61/5465.html,ICCV,2005
Improved Sub-pixel Stereo Correspondences through Symmetric Refinement.,James Davis,https://dblp.org/pid/98/1944.html,ICCV,2005
"What Metrics Can Be Approximated by Geo-Cuts, Or Global Optimization of Length/Area and Flux.",Vladimir Kolmogorov,https://dblp.org/pid/89/3764.html,ICCV,2005
"What Metrics Can Be Approximated by Geo-Cuts, Or Global Optimization of Length/Area and Flux.",Yuri Boykov,https://dblp.org/pid/b/YuriBoykov.html,ICCV,2005
Incorporating Visual Knowledge Representation in Stereo Reconstruction.,Adrian Barbu,https://dblp.org/pid/59/3600.html,ICCV,2005
Incorporating Visual Knowledge Representation in Stereo Reconstruction.,Song Chun Zhu,https://dblp.org/pid/10/10313.html,ICCV,2005
Multiperspective Projection and Collineation.,Jingyi Yu,https://dblp.org/pid/58/4808.html,ICCV,2005
Multiperspective Projection and Collineation.,Leonard McMillan,https://dblp.org/pid/m/LeonardMcMillan.html,ICCV,2005
Recovering Facial Shape and Albedo Using a Statistical Model of Surface Normal Direction.,William A. P. Smith,https://dblp.org/pid/84/1121.html,ICCV,2005
Recovering Facial Shape and Albedo Using a Statistical Model of Surface Normal Direction.,Edwin R. Hancock,https://dblp.org/pid/h/EdwinRHancock.html,ICCV,2005
Linear Approaches to Camera Calibration from Sphere Images or Active Intrinsic Calibration Using Vanishing Points.,Xianghua Ying,https://dblp.org/pid/00/131.html,ICCV,2005
Linear Approaches to Camera Calibration from Sphere Images or Active Intrinsic Calibration Using Vanishing Points.,Hongbin Zha,https://dblp.org/pid/20/5020.html,ICCV,2005
Creating Efficient Codebooks for Visual Recognition.,Frédéric Jurie,https://dblp.org/pid/34/4827.html,ICCV,2005
Creating Efficient Codebooks for Visual Recognition.,Bill Triggs,https://dblp.org/pid/49/1622.html,ICCV,2005
Photometric Stereo under Perspective Projection.,Ariel Tankus,https://dblp.org/pid/37/732.html,ICCV,2005
Photometric Stereo under Perspective Projection.,Nahum Kiryati,https://dblp.org/pid/69/1868.html,ICCV,2005
An Expectation Maximization Approach to the Synergy between Image Segmentation and Object Categorization.,Iasonas Kokkinos,https://dblp.org/pid/21/4922.html,ICCV,2005
An Expectation Maximization Approach to the Synergy between Image Segmentation and Object Categorization.,Petros Maragos,https://dblp.org/pid/22/4003.html,ICCV,2005
Fundamental Matrix for Cameras with Radial Distortion.,João Pedro Barreto,https://dblp.org/pid/b/JoaoPBarreto1.html,ICCV,2005
Fundamental Matrix for Cameras with Radial Distortion.,Kostas Daniilidis,https://dblp.org/pid/d/KostasDaniilidis.html,ICCV,2005
KALMANSAC: Robust Filtering by Consensus.,Andrea Vedaldi,https://dblp.org/pid/99/2825.html,ICCV,2005
KALMANSAC: Robust Filtering by Consensus.,Hailin Jin,https://dblp.org/pid/78/102.html,ICCV,2005
KALMANSAC: Robust Filtering by Consensus.,Paolo Favaro,https://dblp.org/pid/02/4162.html,ICCV,2005
KALMANSAC: Robust Filtering by Consensus.,Stefano Soatto,https://dblp.org/pid/08/1262.html,ICCV,2005
Mixtures of Dynamic Textures.,Antoni B. Chan,https://dblp.org/pid/55/5814.html,ICCV,2005
Mixtures of Dynamic Textures.,Nuno Vasconcelos,https://dblp.org/pid/78/4806.html,ICCV,2005
Manifold Clustering.,Richard Souvenir,https://dblp.org/pid/95/5553.html,ICCV,2005
Manifold Clustering.,Robert Pless,https://dblp.org/pid/76/1967.html,ICCV,2005
Geometric Context from a Single Image.,Derek Hoiem,https://dblp.org/pid/08/6948.html,ICCV,2005
Geometric Context from a Single Image.,Alexei A. Efros,https://dblp.org/pid/40/6158.html,ICCV,2005
Geometric Context from a Single Image.,Martial Hebert,https://dblp.org/pid/h/MartialHebert.html,ICCV,2005
Opaque Document Imaging: Building Images of Inaccessible Texts.,Yun Lin,https://dblp.org/pid/77/1513-11.html,ICCV,2005
Opaque Document Imaging: Building Images of Inaccessible Texts.,W. Brent Seales,https://dblp.org/pid/25/6377.html,ICCV,2005
An Integrated Framework for Image Segmentation and Perceptual Grouping.,Zhuowen Tu,https://dblp.org/pid/t/ZTu.html,ICCV,2005
"Learning a Sparse, Corner-Based Representation for Time-varying Background Modeling.",Qiang Zhu,https://dblp.org/pid/34/6522-6.html,ICCV,2005
"Learning a Sparse, Corner-Based Representation for Time-varying Background Modeling.",Shai Avidan,https://dblp.org/pid/02/617.html,ICCV,2005
"Learning a Sparse, Corner-Based Representation for Time-varying Background Modeling.",Kwang-Ting Cheng,https://dblp.org/pid/c/KwangTingCheng.html,ICCV,2005
How Hard is 3-View Triangulation Really?,Henrik Stewénius,https://dblp.org/pid/58/409.html,ICCV,2005
How Hard is 3-View Triangulation Really?,Frederik Schaffalitzky,https://dblp.org/pid/42/70.html,ICCV,2005
How Hard is 3-View Triangulation Really?,David Nistér,https://dblp.org/pid/07/1533.html,ICCV,2005
Fixed Point Probability Field for Complex Occlusion Handling.,François Fleuret,https://dblp.org/pid/90/5265.html,ICCV,2005
Fixed Point Probability Field for Complex Occlusion Handling.,Richard Lengagne,https://dblp.org/pid/80/1878.html,ICCV,2005
Fixed Point Probability Field for Complex Occlusion Handling.,Pascal Fua,https://dblp.org/pid/f/PFua.html,ICCV,2005
Visual Learning Given Sparse Data of Unknown Complexity.,Tao Xiang,https://dblp.org/pid/22/4460.html,ICCV,2005
Visual Learning Given Sparse Data of Unknown Complexity.,Shaogang Gong,https://dblp.org/pid/17/4389.html,ICCV,2005
Patch Based Blind Image Super Resolution.,Qiang Wang,https://dblp.org/pid/64/5630-23.html,ICCV,2005
Patch Based Blind Image Super Resolution.,Xiaoou Tang,https://dblp.org/pid/04/5226.html,ICCV,2005
Patch Based Blind Image Super Resolution.,Harry Shum,https://dblp.org/pid/s/HarryShum.html,ICCV,2005
Bi-Directional Tracking Using Trajectory Segment Analysis.,Jian Sun,https://dblp.org/pid/68/4942-1.html,ICCV,2005
Bi-Directional Tracking Using Trajectory Segment Analysis.,Weiwei Zhang,https://dblp.org/pid/06/4036.html,ICCV,2005
Bi-Directional Tracking Using Trajectory Segment Analysis.,Xiaoou Tang,https://dblp.org/pid/04/5226.html,ICCV,2005
Bi-Directional Tracking Using Trajectory Segment Analysis.,Heung-Yeung Shum,https://dblp.org/pid/s/HarryShum.html,ICCV,2005
Bayesian Body Localization Using Mixture of Nonlinear Shape Models.,Jiayong Zhang,https://dblp.org/pid/46/1130.html,ICCV,2005
Bayesian Body Localization Using Mixture of Nonlinear Shape Models.,Robert T. Collins,https://dblp.org/pid/76/2806.html,ICCV,2005
Bayesian Body Localization Using Mixture of Nonlinear Shape Models.,Yanxi Liu,https://dblp.org/pid/l/YanxiLiu.html,ICCV,2005
TemporalBoost for Event Recognition.,Paul Smith,https://dblp.org/pid/86/5797-3.html,ICCV,2005
TemporalBoost for Event Recognition.,Niels da Vitoria Lobo,https://dblp.org/pid/06/2750.html,ICCV,2005
TemporalBoost for Event Recognition.,Mubarak Shah,https://dblp.org/pid/s/MubarakShah.html,ICCV,2005
"Detection, Analysis and Matching of Hair.",Yaser Yacoob,https://dblp.org/pid/12/105.html,ICCV,2005
"Detection, Analysis and Matching of Hair.",Larry S. Davis,https://dblp.org/pid/d/LarrySDavis.html,ICCV,2005
Towards Ultimate Motion Estimation: Combining Highest Accuracy with Real-Time Performance.,Andrés Bruhn,https://dblp.org/pid/36/1912.html,ICCV,2005
Towards Ultimate Motion Estimation: Combining Highest Accuracy with Real-Time Performance.,Joachim Weickert,https://dblp.org/pid/w/JoachimWeickert.html,ICCV,2005
LOCUS: Learning Object Classes with Unsupervised Segmentation.,John M. Winn,https://dblp.org/pid/w/JohnMWinn.html,ICCV,2005
LOCUS: Learning Object Classes with Unsupervised Segmentation.,Nebojsa Jojic,https://dblp.org/pid/20/1944.html,ICCV,2005
A Multi-Scale Hybrid Linear Model for Lossy Image Representation.,Wei Hong,https://dblp.org/pid/82/5918-3.html,ICCV,2005
A Multi-Scale Hybrid Linear Model for Lossy Image Representation.,John Wright,https://dblp.org/pid/10/3047-1.html,ICCV,2005
A Multi-Scale Hybrid Linear Model for Lossy Image Representation.,Kun Huang,https://dblp.org/pid/10/4151-1.html,ICCV,2005
A Multi-Scale Hybrid Linear Model for Lossy Image Representation.,Yi Ma,https://dblp.org/pid/69/1112-1.html,ICCV,2005
Robust Structure from Motion and Identified Dynamics.,Benjamin R. Fransen,https://dblp.org/pid/64/2206.html,ICCV,2005
Robust Structure from Motion and Identified Dynamics.,Octavia I. Camps,https://dblp.org/pid/69/6960.html,ICCV,2005
Robust Structure from Motion and Identified Dynamics.,Mario Sznaier,https://dblp.org/pid/14/1686.html,ICCV,2005
Regular Polygon Detection.,Nick Barnes,https://dblp.org/pid/41/2904.html,ICCV,2005
Regular Polygon Detection.,Gareth Loy,https://dblp.org/pid/24/6065.html,ICCV,2005
Regular Polygon Detection.,David Shaw,https://dblp.org/pid/63/6058.html,ICCV,2005
Regular Polygon Detection.,Antonio Robles-Kelly,https://dblp.org/pid/07/3794.html,ICCV,2005
Local Gabor Binary Pattern Histogram Sequence (LGBPHS): A Novel Non-Statistical Model for Face Representation and Recognition.,Wenchao Zhang,https://dblp.org/pid/33/6703.html,ICCV,2005
Local Gabor Binary Pattern Histogram Sequence (LGBPHS): A Novel Non-Statistical Model for Face Representation and Recognition.,Shiguang Shan,https://dblp.org/pid/s/ShiguangShan.html,ICCV,2005
Local Gabor Binary Pattern Histogram Sequence (LGBPHS): A Novel Non-Statistical Model for Face Representation and Recognition.,Wen Gao,https://dblp.org/pid/g/WenGao.html,ICCV,2005
Local Gabor Binary Pattern Histogram Sequence (LGBPHS): A Novel Non-Statistical Model for Face Representation and Recognition.,Xilin Chen,https://dblp.org/pid/c/XilinChen.html,ICCV,2005
Local Gabor Binary Pattern Histogram Sequence (LGBPHS): A Novel Non-Statistical Model for Face Representation and Recognition.,Hongming Zhang,https://dblp.org/pid/48/859.html,ICCV,2005
Shape Recovery of 3D Data Obtained from a Moving Range Sensor by Using Image Sequences.,Atsuhiko Banno,https://dblp.org/pid/20/3314.html,ICCV,2005
Shape Recovery of 3D Data Obtained from a Moving Range Sensor by Using Image Sequences.,Katsushi Ikeuchi,https://dblp.org/pid/44/4771.html,ICCV,2005
Evaluation of Features Detectors and Descriptors Based on 3D Objects.,Pierre Moreels,https://dblp.org/pid/76/5428.html,ICCV,2005
Evaluation of Features Detectors and Descriptors Based on 3D Objects.,Pietro Perona,https://dblp.org/pid/p/PietroPerona.html,ICCV,2005
Behaviour Understanding in Video: A Combined Method.,Neil Robertson,https://dblp.org/pid/26/7169.html,ICCV,2005
Behaviour Understanding in Video: A Combined Method.,Ian D. Reid,https://dblp.org/pid/r/IanDReid1.html,ICCV,2005
Periodic Motion Detection and Segmentation via Approximate Sequence Alignment.,Ivan Laptev,https://dblp.org/pid/41/1854.html,ICCV,2005
Periodic Motion Detection and Segmentation via Approximate Sequence Alignment.,Serge J. Belongie,https://dblp.org/pid/b/SJBelongie.html,ICCV,2005
Periodic Motion Detection and Segmentation via Approximate Sequence Alignment.,Patrick Pérez,https://dblp.org/pid/71/1167.html,ICCV,2005
Periodic Motion Detection and Segmentation via Approximate Sequence Alignment.,Josh Wills,https://dblp.org/pid/88/1895.html,ICCV,2005
Recovering Human Body Configurations Using Pairwise Constraints between Parts.,Xiaofeng Ren,https://dblp.org/pid/84/3585.html,ICCV,2005
Recovering Human Body Configurations Using Pairwise Constraints between Parts.,Alexander C. Berg,https://dblp.org/pid/73/2348.html,ICCV,2005
Recovering Human Body Configurations Using Pairwise Constraints between Parts.,Jitendra Malik,https://dblp.org/pid/58/2944.html,ICCV,2005
A Maximum Entropy Framework for Part-Based Texture and Object Recognition.,Svetlana Lazebnik,https://dblp.org/pid/55/5180.html,ICCV,2005
A Maximum Entropy Framework for Part-Based Texture and Object Recognition.,Cordelia Schmid,https://dblp.org/pid/s/CordeliaSchmid.html,ICCV,2005
A Maximum Entropy Framework for Part-Based Texture and Object Recognition.,Jean Ponce,https://dblp.org/pid/p/JeanPonce.html,ICCV,2005
Realtime IBR with Omnidirectional Crossed-Slits Projection.,Doron Feldman,https://dblp.org/pid/20/86.html,ICCV,2005
Realtime IBR with Omnidirectional Crossed-Slits Projection.,Daphna Weinshall,https://dblp.org/pid/93/1568.html,ICCV,2005
A Probabilistic Semantic Model for Image Annotation and Multi-Modal Image Retrieva.,Ruofei Zhang,https://dblp.org/pid/36/2351.html,ICCV,2005
A Probabilistic Semantic Model for Image Annotation and Multi-Modal Image Retrieva.,Zhongfei (Mark) Zhang,https://dblp.org/pid/z/ZhongfeiMarkZhang.html,ICCV,2005
A Probabilistic Semantic Model for Image Annotation and Multi-Modal Image Retrieva.,Mingjing Li,https://dblp.org/pid/l/MingjingLi.html,ICCV,2005
A Probabilistic Semantic Model for Image Annotation and Multi-Modal Image Retrieva.,Wei-Ying Ma,https://dblp.org/pid/m/WYMa.html,ICCV,2005
A Probabilistic Semantic Model for Image Annotation and Multi-Modal Image Retrieva.,HongJiang Zhang,https://dblp.org/pid/z/HongJiangZhang.html,ICCV,2005
Image Statistics Based on Diffeomorphic Matching.,Guillaume Charpiat,https://dblp.org/pid/02/6952.html,ICCV,2005
Image Statistics Based on Diffeomorphic Matching.,Olivier D. Faugeras,https://dblp.org/pid/48/4143.html,ICCV,2005
Image Statistics Based on Diffeomorphic Matching.,Renaud Keriven,https://dblp.org/pid/00/4650.html,ICCV,2005
Space-Time Scene Manifolds.,Yonatan Wexler,https://dblp.org/pid/75/5527.html,ICCV,2005
Space-Time Scene Manifolds.,Denis Simakov,https://dblp.org/pid/62/4852.html,ICCV,2005
Non-Orthogonal Binary Subspace and Its Applications in Computer Vision.,Hai Tao,https://dblp.org/pid/25/1710.html,ICCV,2005
Non-Orthogonal Binary Subspace and Its Applications in Computer Vision.,Ryan Crabb,https://dblp.org/pid/06/3987.html,ICCV,2005
Non-Orthogonal Binary Subspace and Its Applications in Computer Vision.,Feng Tang,https://dblp.org/pid/06/5966.html,ICCV,2005
An Ensemble Prior of Image Structure for Cross-Modal Inference.,Srinivas Ravela,https://dblp.org/pid/68/6324.html,ICCV,2005
An Ensemble Prior of Image Structure for Cross-Modal Inference.,Antonio Torralba,https://dblp.org/pid/t/AntonioBTorralba.html,ICCV,2005
An Ensemble Prior of Image Structure for Cross-Modal Inference.,William T. Freeman,https://dblp.org/pid/86/6650.html,ICCV,2005
Efficient Model-Based 3D Tracking of Deformable Objects.,Enrique Muñoz,https://dblp.org/pid/16/5836.html,ICCV,2005
Efficient Model-Based 3D Tracking of Deformable Objects.,José Miguel Buenaposada,https://dblp.org/pid/38/5015.html,ICCV,2005
Efficient Model-Based 3D Tracking of Deformable Objects.,Luis Baumela,https://dblp.org/pid/48/3819.html,ICCV,2005
Modeling Scenes with Local Descriptors and Latent Aspects.,Pedro Quelhas,https://dblp.org/pid/04/1037.html,ICCV,2005
Modeling Scenes with Local Descriptors and Latent Aspects.,Florent Monay,https://dblp.org/pid/99/6907.html,ICCV,2005
Modeling Scenes with Local Descriptors and Latent Aspects.,Jean-Marc Odobez,https://dblp.org/pid/98/1208.html,ICCV,2005
Modeling Scenes with Local Descriptors and Latent Aspects.,Daniel Gatica-Perez,https://dblp.org/pid/55/1328.html,ICCV,2005
Modeling Scenes with Local Descriptors and Latent Aspects.,Tinne Tuytelaars,https://dblp.org/pid/79/2382.html,ICCV,2005
Modeling Scenes with Local Descriptors and Latent Aspects.,Luc Van Gool,https://dblp.org/pid/61/5017.html,ICCV,2005
Shadow Flow: A Recursive Method to Learn Moving Cast Shadows.,Fatih Porikli,https://dblp.org/pid/p/FatihMuratPorikli.html,ICCV,2005
Shadow Flow: A Recursive Method to Learn Moving Cast Shadows.,Jay Thornton,https://dblp.org/pid/87/6345.html,ICCV,2005
Vignette and Exposure Calibration and Compensation.,Dan B. Goldman,https://dblp.org/pid/28/5892.html,ICCV,2005
Vignette and Exposure Calibration and Compensation.,Jiun-Hung Chen,https://dblp.org/pid/21/5104.html,ICCV,2005
An Enhanced Correlation-Based Method for Stereo Correspondence with Sub-Pixel Accuracy.,Emmanouil Z. Psarakis,https://dblp.org/pid/44/5719.html,ICCV,2005
An Enhanced Correlation-Based Method for Stereo Correspondence with Sub-Pixel Accuracy.,Georgios D. Evangelidis,https://dblp.org/pid/05/3392-2.html,ICCV,2005
"Conformal Metrics and True ""Gradient Flows"" for Curves.",Anthony J. Yezzi,https://dblp.org/pid/y/AJYezzi.html,ICCV,2005
"Conformal Metrics and True ""Gradient Flows"" for Curves.",Andrea Mennucci,https://dblp.org/pid/86/3647.html,ICCV,2005
Effciently Solving Dynamic Markov Random Fields Using Graph Cuts.,Pushmeet Kohli,https://dblp.org/pid/94/248.html,ICCV,2005
Effciently Solving Dynamic Markov Random Fields Using Graph Cuts.,Philip H. S. Torr,https://dblp.org/pid/t/PhilipHSTorr.html,ICCV,2005
A Shape-Based Segmentation Approach: An Improved Technique Using Level Sets.,Hossam El Din Hassan Abd El Munim,https://dblp.org/pid/01/3753.html,ICCV,2005
A Shape-Based Segmentation Approach: An Improved Technique Using Level Sets.,Aly A. Farag,https://dblp.org/pid/55/6410.html,ICCV,2005
An Iterative Optimization Approach for Unified Image Segmentation and Matting.,Jue Wang,https://dblp.org/pid/69/393-1.html,ICCV,2005
An Iterative Optimization Approach for Unified Image Segmentation and Matting.,Michael F. Cohen,https://dblp.org/pid/07/1994.html,ICCV,2005
Convex Grouping Combining Boundary and Region Information.,Joachim S. Stahl,https://dblp.org/pid/99/751.html,ICCV,2005
Convex Grouping Combining Boundary and Region Information.,Song Wang,https://dblp.org/pid/62/3151-2.html,ICCV,2005
Detecting Rotational Symmetries.,V. Shiv Naga Prasad,https://dblp.org/pid/08/2000.html,ICCV,2005
Detecting Rotational Symmetries.,Larry S. Davis,https://dblp.org/pid/d/LarrySDavis.html,ICCV,2005
Learning Non-Generative Grammatical Models for Document Analysis.,Michael Shilman,https://dblp.org/pid/68/2885.html,ICCV,2005
Learning Non-Generative Grammatical Models for Document Analysis.,Percy Liang,https://dblp.org/pid/04/1701.html,ICCV,2005
Learning Non-Generative Grammatical Models for Document Analysis.,Paul A. Viola,https://dblp.org/pid/v/PaulAViola.html,ICCV,2005
Phase Field Models and Higher-Order Active Contours.,Marie Rochery,https://dblp.org/pid/14/2026.html,ICCV,2005
Phase Field Models and Higher-Order Active Contours.,Ian Jermyn,https://dblp.org/pid/j/IanHJermyn.html,ICCV,2005
Phase Field Models and Higher-Order Active Contours.,Josiane Zerubia,https://dblp.org/pid/z/JosianeZerubia.html,ICCV,2005
Globally Optimal Estimates for Geometric Reconstruction Problems.,Fredrik Kahl,https://dblp.org/pid/01/7013.html,ICCV,2005
Globally Optimal Estimates for Geometric Reconstruction Problems.,Didier Henrion,https://dblp.org/pid/05/7006.html,ICCV,2005
Quasiconvex Optimization for Robust Geometric Reconstruction.,Qifa Ke,https://dblp.org/pid/88/2889.html,ICCV,2005
Quasiconvex Optimization for Robust Geometric Reconstruction.,Takeo Kanade,https://dblp.org/pid/k/TakeoKanade.html,ICCV,2005
Shapelets Correlated with Surface Normals Produce Surfaces.,Peter Kovesi,https://dblp.org/pid/10/3371.html,ICCV,2005
Multiple View Geometry and the L8-norm.,Fredrik Kahl,https://dblp.org/pid/01/7013.html,ICCV,2005
Object Detection in Aerial Imagery Based on Enhanced Semi-Supervised Learning.,Jian Yao,https://dblp.org/pid/40/4105-3.html,ICCV,2005
Object Detection in Aerial Imagery Based on Enhanced Semi-Supervised Learning.,Zhongfei (Mark) Zhang,https://dblp.org/pid/z/ZhongfeiMarkZhang.html,ICCV,2005
A New Framework for Approximate Labeling via Graph Cuts.,Nikos Komodakis,https://dblp.org/pid/05/3782.html,ICCV,2005
A New Framework for Approximate Labeling via Graph Cuts.,Georgios Tziritas,https://dblp.org/pid/t/GTziritas.html,ICCV,2005
Okapi-Chamfer Matching for Articulated Object Recognition.,Hanning Zhou,https://dblp.org/pid/26/253.html,ICCV,2005
Okapi-Chamfer Matching for Articulated Object Recognition.,Thomas S. Huang,https://dblp.org/pid/h/ThomasSHuang.html,ICCV,2005
Background Estimation as a Labeling Problem.,Scott Cohen,https://dblp.org/pid/54/4155.html,ICCV,2005
Bayesian Structural Content Abstraction for Region-Level Image Authentication.,Wei Feng,https://dblp.org/pid/17/1152-5.html,ICCV,2005
Bayesian Structural Content Abstraction for Region-Level Image Authentication.,Zhi-Qiang Liu,https://dblp.org/pid/29/3742.html,ICCV,2005
A Graph Cut Algorithm for Generalized Image Deconvolution.,Ashish Raj,https://dblp.org/pid/63/2698.html,ICCV,2005
A Graph Cut Algorithm for Generalized Image Deconvolution.,Ramin Zabih,https://dblp.org/pid/z/RaminZabih.html,ICCV,2005
Reconstructing the Geometry of Flowing Water.,Ivo Ihrke,https://dblp.org/pid/99/2748.html,ICCV,2005
Reconstructing the Geometry of Flowing Water.,Bastian Goldlücke,https://dblp.org/pid/12/4880.html,ICCV,2005
Reconstructing the Geometry of Flowing Water.,Marcus A. Magnor,https://dblp.org/pid/m/MarcusAMagnor.html,ICCV,2005
Surface Parameterization Using Riemann Surface Structure.,Yalin Wang,https://dblp.org/pid/88/128-1.html,ICCV,2005
Surface Parameterization Using Riemann Surface Structure.,Xianfeng Gu,https://dblp.org/pid/g/XianfengGu.html,ICCV,2005
Surface Parameterization Using Riemann Surface Structure.,Kiralee M. Hayashi,https://dblp.org/pid/34/5516.html,ICCV,2005
Surface Parameterization Using Riemann Surface Structure.,Tony F. Chan,https://dblp.org/pid/61/2585.html,ICCV,2005
Surface Parameterization Using Riemann Surface Structure.,Paul M. Thompson,https://dblp.org/pid/t/PaulMThompson.html,ICCV,2005
Surface Parameterization Using Riemann Surface Structure.,Shing-Tung Yau,https://dblp.org/pid/16/896.html,ICCV,2005
When Does a Camera See Rain?,Kshitiz Garg,https://dblp.org/pid/44/2028.html,ICCV,2005
When Does a Camera See Rain?,Shree K. Nayar,https://dblp.org/pid/n/ShreeKNayar.html,ICCV,2005
Uncalibrated Perspective Reconstruction of Deformable Structures.,Jing Xiao,https://dblp.org/pid/67/4008.html,ICCV,2005
Uncalibrated Perspective Reconstruction of Deformable Structures.,Takeo Kanade,https://dblp.org/pid/k/TakeoKanade.html,ICCV,2005
Fitting Globally Stabilized Algebraic Surfaces to Range Data.,H. Türker Sahin,https://dblp.org/pid/57/3749.html,ICCV,2005
Fitting Globally Stabilized Algebraic Surfaces to Range Data.,Mustafa Unel,https://dblp.org/pid/25/6817.html,ICCV,2005
Lighting Normalization with Generic Intrinsic Illumination Subspace for Face Recognition.,Chia-Ping Chen,https://dblp.org/pid/01/3763.html,ICCV,2005
Lighting Normalization with Generic Intrinsic Illumination Subspace for Face Recognition.,Chu-Song Chen,https://dblp.org/pid/67/1007.html,ICCV,2005
Layered Active Appearance Models.,Eagle Jones,https://dblp.org/pid/53/5476.html,ICCV,2005
Layered Active Appearance Models.,Stefano Soatto,https://dblp.org/pid/08/1262.html,ICCV,2005
"Identifying Individuals in Video by Combining ""Generative"" and Discriminative Head Models.",Mark Everingham,https://dblp.org/pid/63/4673.html,ICCV,2005
"Identifying Individuals in Video by Combining ""Generative"" and Discriminative Head Models.",Andrew Zisserman,https://dblp.org/pid/z/AndrewZisserman.html,ICCV,2005
A General Framework for Temporal Video Scene Segmentation.,Yun Zhai,https://dblp.org/pid/74/2333.html,ICCV,2005
A General Framework for Temporal Video Scene Segmentation.,Mubarak Shah,https://dblp.org/pid/s/MubarakShah.html,ICCV,2005
Geometric and Photometric Restoration of Distorted Documents.,Mingxuan Sun,https://dblp.org/pid/57/988.html,ICCV,2005
Geometric and Photometric Restoration of Distorted Documents.,Ruigang Yang,https://dblp.org/pid/08/5690.html,ICCV,2005
Geometric and Photometric Restoration of Distorted Documents.,Yun Lin,https://dblp.org/pid/77/1513-11.html,ICCV,2005
Geometric and Photometric Restoration of Distorted Documents.,George V. Landon,https://dblp.org/pid/19/246.html,ICCV,2005
Geometric and Photometric Restoration of Distorted Documents.,W. Brent Seales,https://dblp.org/pid/25/6377.html,ICCV,2005
Geometric and Photometric Restoration of Distorted Documents.,Michael S. Brown,https://dblp.org/pid/02/4733.html,ICCV,2005
A Model-Based Vehicle Segmentation Method for Tracking.,Xuefeng Song,https://dblp.org/pid/51/4982.html,ICCV,2005
A Model-Based Vehicle Segmentation Method for Tracking.,Ramakant Nevatia,https://dblp.org/pid/n/RamakantNevatia.html,ICCV,2005
Finding Tree Structures by Grouping Symmetries.,Hiroshi Ishikawa,https://dblp.org/pid/i/HiroshiIshikawa2.html,ICCV,2005
Finding Tree Structures by Grouping Symmetries.,Davi Geiger,https://dblp.org/pid/76/1145.html,ICCV,2005
Finding Tree Structures by Grouping Symmetries.,Richard Cole,https://dblp.org/pid/96/5516.html,ICCV,2005
Learning the Probability of Correspondences without Ground Truth.,Qingxiong Yang,https://dblp.org/pid/y/QingxiongYang.html,ICCV,2005
Learning the Probability of Correspondences without Ground Truth.,R. Matt Steele,https://dblp.org/pid/63/6231.html,ICCV,2005
Learning the Probability of Correspondences without Ground Truth.,David Nistér,https://dblp.org/pid/07/1533.html,ICCV,2005
Learning the Probability of Correspondences without Ground Truth.,Christopher O. Jaynes,https://dblp.org/pid/46/1071.html,ICCV,2005
Mesh Optimization Using an Inconsistency Detection Template.,Atsutada Nakatsuji,https://dblp.org/pid/09/4030.html,ICCV,2005
Mesh Optimization Using an Inconsistency Detection Template.,Yasuyuki Sugaya,https://dblp.org/pid/26/6359.html,ICCV,2005
Mesh Optimization Using an Inconsistency Detection Template.,Ken-ichi Kanatani,https://dblp.org/pid/k/KenichiKanatani.html,ICCV,2005
Fast Texture-Based Tracking and Delineation Using Texture Entropy.,Ali Shahrokni,https://dblp.org/pid/69/3904.html,ICCV,2005
Fast Texture-Based Tracking and Delineation Using Texture Entropy.,Tom Drummond,https://dblp.org/pid/50/1633.html,ICCV,2005
Fast Texture-Based Tracking and Delineation Using Texture Entropy.,Pascal Fua,https://dblp.org/pid/f/PFua.html,ICCV,2005
Learning and Inference in Parametric Switching Linear Dynamical Systems.,Sang Min Oh,https://dblp.org/pid/97/2343.html,ICCV,2005
Learning and Inference in Parametric Switching Linear Dynamical Systems.,James M. Rehg,https://dblp.org/pid/r/JMRehg.html,ICCV,2005
Learning and Inference in Parametric Switching Linear Dynamical Systems.,Tucker R. Balch,https://dblp.org/pid/b/TuckerRBalch.html,ICCV,2005
Learning and Inference in Parametric Switching Linear Dynamical Systems.,Frank Dellaert,https://dblp.org/pid/d/FrankDellaert.html,ICCV,2005
Face Recognition in the Presence of Multiple Illumination Sources.,Gaurav Aggarwal,https://dblp.org/pid/14/5218.html,ICCV,2005
Face Recognition in the Presence of Multiple Illumination Sources.,Rama Chellappa,https://dblp.org/pid/c/RamaChellappa.html,ICCV,2005
A Bilinear Illumination Model for Robust Face Recognition.,Jinho Lee,https://dblp.org/pid/62/757.html,ICCV,2005
A Bilinear Illumination Model for Robust Face Recognition.,Baback Moghaddam,https://dblp.org/pid/22/6415.html,ICCV,2005
A Bilinear Illumination Model for Robust Face Recognition.,Hanspeter Pfister,https://dblp.org/pid/p/HanspeterPfister.html,ICCV,2005
A Bilinear Illumination Model for Robust Face Recognition.,Raghu Machiraju,https://dblp.org/pid/65/1768.html,ICCV,2005
Edge-Based Rich Representation for Vehicle Classification.,Xiaoxu Ma,https://dblp.org/pid/21/2791.html,ICCV,2005
Edge-Based Rich Representation for Vehicle Classification.,W. Eric L. Grimson,https://dblp.org/pid/g/WEricLGrimson.html,ICCV,2005
Automatic 3D Face Modeling from Video.,Le Xin,https://dblp.org/pid/18/5084.html,ICCV,2005
Automatic 3D Face Modeling from Video.,Qiang Wang,https://dblp.org/pid/64/5630-23.html,ICCV,2005
Automatic 3D Face Modeling from Video.,Jianhua Tao,https://dblp.org/pid/46/2916.html,ICCV,2005
Automatic 3D Face Modeling from Video.,Xiaoou Tang,https://dblp.org/pid/04/5226.html,ICCV,2005
Automatic 3D Face Modeling from Video.,Tieniu Tan,https://dblp.org/pid/t/TieniuTan.html,ICCV,2005
Automatic 3D Face Modeling from Video.,Harry Shum,https://dblp.org/pid/s/HarryShum.html,ICCV,2005
Consistent Surface Color for Texturing Large Objects in Outdoor Scenes.,Rei Kawakami,https://dblp.org/pid/69/6882.html,ICCV,2005
Consistent Surface Color for Texturing Large Objects in Outdoor Scenes.,Katsushi Ikeuchi,https://dblp.org/pid/44/4771.html,ICCV,2005
Consistent Surface Color for Texturing Large Objects in Outdoor Scenes.,Robby T. Tan,https://dblp.org/pid/t/RobbyTTan.html,ICCV,2005
Neighborhood Preserving Embedding.,Xiaofei He,https://dblp.org/pid/h/XiaofeiHe.html,ICCV,2005
Neighborhood Preserving Embedding.,Deng Cai,https://dblp.org/pid/c/DCai.html,ICCV,2005
Neighborhood Preserving Embedding.,Shuicheng Yan,https://dblp.org/pid/y/ShuichengYan.html,ICCV,2005
Neighborhood Preserving Embedding.,HongJiang Zhang,https://dblp.org/pid/z/HongJiangZhang.html,ICCV,2005
Scale-Invariant Contour Completion Using Conditional Random Fields.,Xiaofeng Ren,https://dblp.org/pid/84/3585.html,ICCV,2005
Scale-Invariant Contour Completion Using Conditional Random Fields.,Charless C. Fowlkes,https://dblp.org/pid/90/4157.html,ICCV,2005
Scale-Invariant Contour Completion Using Conditional Random Fields.,Jitendra Malik,https://dblp.org/pid/58/2944.html,ICCV,2005
Common Pattern Discovery Using Earth Mover's Distance and Local Flow Maximization.,Hung-Khoon Tan,https://dblp.org/pid/53/906.html,ICCV,2005
Common Pattern Discovery Using Earth Mover's Distance and Local Flow Maximization.,Chong-Wah Ngo,https://dblp.org/pid/30/4265.html,ICCV,2005
Progressive Surface Reconstruction from Images Using a Local Prior.,Gang Zeng,https://dblp.org/pid/98/3076.html,ICCV,2005
Progressive Surface Reconstruction from Images Using a Local Prior.,Sylvain Paris,https://dblp.org/pid/p/SylvainParis.html,ICCV,2005
Progressive Surface Reconstruction from Images Using a Local Prior.,Long Quan,https://dblp.org/pid/04/575.html,ICCV,2005
Progressive Surface Reconstruction from Images Using a Local Prior.,François X. Sillion,https://dblp.org/pid/23/5606.html,ICCV,2005
Video Behaviour Profiling and Abnormality Detection without Manual Labelling.,Tao Xiang,https://dblp.org/pid/22/4460.html,ICCV,2005
Video Behaviour Profiling and Abnormality Detection without Manual Labelling.,Shaogang Gong,https://dblp.org/pid/17/4389.html,ICCV,2005
A Robust Algorithm for Point Set Registration Using Mixture of Gaussians.,Bing Jian,https://dblp.org/pid/87/283.html,ICCV,2005
A Robust Algorithm for Point Set Registration Using Mixture of Gaussians.,Baba C. Vemuri,https://dblp.org/pid/93/1847.html,ICCV,2005
Appearance Modeling Under Geometric Context.,Jian Li,https://dblp.org/pid/33/5448-22.html,ICCV,2005
Appearance Modeling Under Geometric Context.,Shaohua Kevin Zhou,https://dblp.org/pid/57/98.html,ICCV,2005
Appearance Modeling Under Geometric Context.,Rama Chellappa,https://dblp.org/pid/c/RamaChellappa.html,ICCV,2005
Shape and Appearance Repair for Incomplete Point Surfaces.,Seyoun Park,https://dblp.org/pid/51/6144.html,ICCV,2005
Shape and Appearance Repair for Incomplete Point Surfaces.,Xiaohu Guo,https://dblp.org/pid/68/5396.html,ICCV,2005
Shape and Appearance Repair for Incomplete Point Surfaces.,Hayong Shin,https://dblp.org/pid/71/5345.html,ICCV,2005
Shape and Appearance Repair for Incomplete Point Surfaces.,Hong Qin,https://dblp.org/pid/79/627.html,ICCV,2005
Ensuring Color Consistency across Multiple Cameras.,Adrian Ilie,https://dblp.org/pid/98/3245.html,ICCV,2005
Ensuring Color Consistency across Multiple Cameras.,Greg Welch,https://dblp.org/pid/w/GregoryFWelch.html,ICCV,2005
More-Than-Topology-Preserving Flows for Active Contours and Polygons.,Ganesh Sundaramoorthi,https://dblp.org/pid/11/1348.html,ICCV,2005
More-Than-Topology-Preserving Flows for Active Contours and Polygons.,Anthony J. Yezzi,https://dblp.org/pid/y/AJYezzi.html,ICCV,2005
A Hierarchical Field Framework for Unified Context-Based Classification.,Sanjiv Kumar,https://dblp.org/pid/66/6804.html,ICCV,2005
A Hierarchical Field Framework for Unified Context-Based Classification.,Martial Hebert,https://dblp.org/pid/h/MartialHebert.html,ICCV,2005
Squaring the Circles in Panoramas.,Lihi Zelnik-Manor,https://dblp.org/pid/z/LihiZelnikManor.html,ICCV,2005
Squaring the Circles in Panoramas.,Gabriele Peters,https://dblp.org/pid/p/GabrielePeters.html,ICCV,2005
Squaring the Circles in Panoramas.,Pietro Perona,https://dblp.org/pid/p/PietroPerona.html,ICCV,2005
Efficiently Registering Video into Panoramic Mosaics.,Drew Steedly,https://dblp.org/pid/28/5593.html,ICCV,2005
Efficiently Registering Video into Panoramic Mosaics.,Chris Pal,https://dblp.org/pid/45/1217.html,ICCV,2005
Efficiently Registering Video into Panoramic Mosaics.,Richard Szeliski,https://dblp.org/pid/46/2186.html,ICCV,2005
Consistent Segmentation for Optical Flow Estimation.,C. Lawrence Zitnick,https://dblp.org/pid/10/6888.html,ICCV,2005
Consistent Segmentation for Optical Flow Estimation.,Nebojsa Jojic,https://dblp.org/pid/20/1944.html,ICCV,2005
Consistent Segmentation for Optical Flow Estimation.,Sing Bing Kang,https://dblp.org/pid/k/SingBingKang.html,ICCV,2005
A Symmetric Patch-Based Correspondence Model for Occlusion Handling.,Yi Deng,https://dblp.org/pid/181/2826.html,ICCV,2005
A Symmetric Patch-Based Correspondence Model for Occlusion Handling.,Qiong Yang,https://dblp.org/pid/96/2408.html,ICCV,2005
A Symmetric Patch-Based Correspondence Model for Occlusion Handling.,Xueyin Lin,https://dblp.org/pid/54/4198.html,ICCV,2005
A Symmetric Patch-Based Correspondence Model for Occlusion Handling.,Xiaoou Tang,https://dblp.org/pid/04/5226.html,ICCV,2005
Non-Negative Lighting and Specular Object Recognition.,Sameer Shirdhonkar,https://dblp.org/pid/17/6876.html,ICCV,2005
Non-Negative Lighting and Specular Object Recognition.,David W. Jacobs,https://dblp.org/pid/j/DavidWJacobs.html,ICCV,2005
"Learning Hierarchical Models of Scenes, Objects, and Parts.",Erik B. Sudderth,https://dblp.org/pid/22/3923.html,ICCV,2005
"Learning Hierarchical Models of Scenes, Objects, and Parts.",Antonio Torralba,https://dblp.org/pid/t/AntonioBTorralba.html,ICCV,2005
"Learning Hierarchical Models of Scenes, Objects, and Parts.",William T. Freeman,https://dblp.org/pid/86/6650.html,ICCV,2005
"Learning Hierarchical Models of Scenes, Objects, and Parts.",Alan S. Willsky,https://dblp.org/pid/48/6690.html,ICCV,2005
An Axis-Based Representation for Recognition.,Cagri Aslan,https://dblp.org/pid/47/6986.html,ICCV,2005
An Axis-Based Representation for Recognition.,Sibel Tari,https://dblp.org/pid/20/6398.html,ICCV,2005
A Supervised Learning Framework for Generic Object Detection in Images.,Saad Ali,https://dblp.org/pid/17/747.html,ICCV,2005
A Supervised Learning Framework for Generic Object Detection in Images.,Mubarak Shah,https://dblp.org/pid/s/MubarakShah.html,ICCV,2005
Retrieval with Knowledge-driven Kernel Design: An Approach to Improving SVM-Based CBIR with Relevance Feedback.,Lei Wang,https://dblp.org/pid/w/LeiWang1.html,ICCV,2005
Retrieval with Knowledge-driven Kernel Design: An Approach to Improving SVM-Based CBIR with Relevance Feedback.,Yan Gao,https://dblp.org/pid/46/3479.html,ICCV,2005
Retrieval with Knowledge-driven Kernel Design: An Approach to Improving SVM-Based CBIR with Relevance Feedback.,Kap Luk Chan,https://dblp.org/pid/01/1215.html,ICCV,2005
Retrieval with Knowledge-driven Kernel Design: An Approach to Improving SVM-Based CBIR with Relevance Feedback.,Ping Xue,https://dblp.org/pid/11/3601-1.html,ICCV,2005
Retrieval with Knowledge-driven Kernel Design: An Approach to Improving SVM-Based CBIR with Relevance Feedback.,Wei-Yun Yau,https://dblp.org/pid/15/6819.html,ICCV,2005
Integrating Representative and Discriminative Models for Object Category Detection.,Mario Fritz,https://dblp.org/pid/07/5701.html,ICCV,2005
Integrating Representative and Discriminative Models for Object Category Detection.,Bastian Leibe,https://dblp.org/pid/41/1228.html,ICCV,2005
Integrating Representative and Discriminative Models for Object Category Detection.,Barbara Caputo,https://dblp.org/pid/04/7038.html,ICCV,2005
Integrating Representative and Discriminative Models for Object Category Detection.,Bernt Schiele,https://dblp.org/pid/s/BerntSchiele.html,ICCV,2005
Learning Effective Image Metrics from Few Pairwise Examples.,Hwann-Tzong Chen,https://dblp.org/pid/74/2341.html,ICCV,2005
Learning Effective Image Metrics from Few Pairwise Examples.,Tyng-Luh Liu,https://dblp.org/pid/68/2368.html,ICCV,2005
Learning Effective Image Metrics from Few Pairwise Examples.,Chiou-Shann Fuh,https://dblp.org/pid/95/2319.html,ICCV,2005
Large Deformation Diffeomorphic Metric Mapping of Fiber Orientations.,Yan Cao,https://dblp.org/pid/33/3331.html,ICCV,2005
Large Deformation Diffeomorphic Metric Mapping of Fiber Orientations.,Michael I. Miller,https://dblp.org/pid/m/MichaelIMiller.html,ICCV,2005
Large Deformation Diffeomorphic Metric Mapping of Fiber Orientations.,Raimond L. Winslow,https://dblp.org/pid/51/831.html,ICCV,2005
Large Deformation Diffeomorphic Metric Mapping of Fiber Orientations.,Laurent Younes,https://dblp.org/pid/48/5469.html,ICCV,2005
Spherical Matching for Temporal Correspondence of Non-Rigid Surfaces.,Jonathan Starck,https://dblp.org/pid/12/657.html,ICCV,2005
Spherical Matching for Temporal Correspondence of Non-Rigid Surfaces.,Adrian Hilton,https://dblp.org/pid/63/34.html,ICCV,2005
Actions as Space-Time Shapes.,Moshe Blank,https://dblp.org/pid/10/5622.html,ICCV,2005
Actions as Space-Time Shapes.,Lena Gorelick,https://dblp.org/pid/59/4850.html,ICCV,2005
Actions as Space-Time Shapes.,Eli Shechtman,https://dblp.org/pid/50/1918.html,ICCV,2005
Actions as Space-Time Shapes.,Michal Irani,https://dblp.org/pid/04/3190.html,ICCV,2005
Actions as Space-Time Shapes.,Ronen Basri,https://dblp.org/pid/b/RonenBasri.html,ICCV,2005
Designing Spatially Coherent Minimizing Flows for Variational Problems Based on Active Contours.,Guillaume Charpiat,https://dblp.org/pid/02/6952.html,ICCV,2005
Designing Spatially Coherent Minimizing Flows for Variational Problems Based on Active Contours.,Renaud Keriven,https://dblp.org/pid/00/4650.html,ICCV,2005
Designing Spatially Coherent Minimizing Flows for Variational Problems Based on Active Contours.,Jean-Philippe Pons,https://dblp.org/pid/98/2742.html,ICCV,2005
Designing Spatially Coherent Minimizing Flows for Variational Problems Based on Active Contours.,Olivier D. Faugeras,https://dblp.org/pid/48/4143.html,ICCV,2005
"Recovering Photometric Properties of Multiple Strongly-Reflective, Partially-Transparent Surfaces from a Single Image.",José P. Queiroz-Neto,https://dblp.org/pid/71/6215.html,ICCV,2005
"Recovering Photometric Properties of Multiple Strongly-Reflective, Partially-Transparent Surfaces from a Single Image.",Rodrigo L. Carceroni,https://dblp.org/pid/35/5682.html,ICCV,2005
"Recovering Photometric Properties of Multiple Strongly-Reflective, Partially-Transparent Surfaces from a Single Image.",Lara C. R. Coelho,https://dblp.org/pid/57/5763.html,ICCV,2005
Guiding Model Search Using Segmentation.,Greg Mori,https://dblp.org/pid/m/GregMori.html,ICCV,2005
Visual Speech Recognition with Loosely Synchronized Feature Streams.,Kate Saenko,https://dblp.org/pid/88/2754.html,ICCV,2005
Visual Speech Recognition with Loosely Synchronized Feature Streams.,Karen Livescu,https://dblp.org/pid/51/2464.html,ICCV,2005
Visual Speech Recognition with Loosely Synchronized Feature Streams.,Michael Siracusa,https://dblp.org/pid/35/117.html,ICCV,2005
Visual Speech Recognition with Loosely Synchronized Feature Streams.,Kevin W. Wilson,https://dblp.org/pid/65/7823.html,ICCV,2005
Visual Speech Recognition with Loosely Synchronized Feature Streams.,James R. Glass,https://dblp.org/pid/37/6580.html,ICCV,2005
Visual Speech Recognition with Loosely Synchronized Feature Streams.,Trevor Darrell,https://dblp.org/pid/d/TrevorDarrell.html,ICCV,2005
N-Dimensional Probablility Density Function Transfer and its Application to Colour Transfer.,François Pitié,https://dblp.org/pid/62/1773.html,ICCV,2005
N-Dimensional Probablility Density Function Transfer and its Application to Colour Transfer.,Anil C. Kokaram,https://dblp.org/pid/47/2143.html,ICCV,2005
N-Dimensional Probablility Density Function Transfer and its Application to Colour Transfer.,Rozenn Dahyot,https://dblp.org/pid/81/3201.html,ICCV,2005
A Theory of Inverse Light Transport.,Steven M. Seitz,https://dblp.org/pid/s/StevenMSeitz.html,ICCV,2005
A Theory of Inverse Light Transport.,Yasuyuki Matsushita,https://dblp.org/pid/11/3619.html,ICCV,2005
A Theory of Inverse Light Transport.,Kiriakos N. Kutulakos,https://dblp.org/pid/64/4875.html,ICCV,2005
A Theory of Refractive and Specular 3D Shape by Light-Path Triangulation.,Kiriakos N. Kutulakos,https://dblp.org/pid/64/4875.html,ICCV,2005
A Theory of Refractive and Specular 3D Shape by Light-Path Triangulation.,Eron Steger,https://dblp.org/pid/11/1972.html,ICCV,2005
The Pyramid Match Kernel: Discriminative Classification with Sets of Image Features.,Kristen Grauman,https://dblp.org/pid/57/4553.html,ICCV,2005
The Pyramid Match Kernel: Discriminative Classification with Sets of Image Features.,Trevor Darrell,https://dblp.org/pid/d/TrevorDarrell.html,ICCV,2005
Deformation Invariant Image Matching.,Haibin Ling,https://dblp.org/pid/93/3488.html,ICCV,2005
Deformation Invariant Image Matching.,David W. Jacobs,https://dblp.org/pid/j/DavidWJacobs.html,ICCV,2005
Features for Recognition: Viewpoint Invariance for Non-Planar Scenes.,Andrea Vedaldi,https://dblp.org/pid/99/2825.html,ICCV,2005
Features for Recognition: Viewpoint Invariance for Non-Planar Scenes.,Stefano Soatto,https://dblp.org/pid/08/1262.html,ICCV,2005
A Spectral Technique for Correspondence Problems Using Pairwise Constraints.,Marius Leordeanu,https://dblp.org/pid/21/5985.html,ICCV,2005
A Spectral Technique for Correspondence Problems Using Pairwise Constraints.,Martial Hebert,https://dblp.org/pid/h/MartialHebert.html,ICCV,2005
On-Line Density-Based Appearance Modeling for Object Tracking.,Bohyung Han,https://dblp.org/pid/73/4880.html,ICCV,2005
On-Line Density-Based Appearance Modeling for Object Tracking.,Larry S. Davis,https://dblp.org/pid/d/LarrySDavis.html,ICCV,2005
Dynamic Measurement Clustering to Aid Real Time Tracking.,Christopher Kemp,https://dblp.org/pid/31/2504.html,ICCV,2005
Dynamic Measurement Clustering to Aid Real Time Tracking.,Tom Drummond,https://dblp.org/pid/50/1633.html,ICCV,2005
Fusing Points and Lines for High Performance Tracking.,Edward Rosten,https://dblp.org/pid/14/3630.html,ICCV,2005
Fusing Points and Lines for High Performance Tracking.,Tom Drummond,https://dblp.org/pid/50/1633.html,ICCV,2005
Fast Global Kernel Density Mode Seeking with Application to Localisation and Tracking.,Chunhua Shen,https://dblp.org/pid/56/1673.html,ICCV,2005
Fast Global Kernel Density Mode Seeking with Application to Localisation and Tracking.,Michael J. Brooks,https://dblp.org/pid/b/MJBrooks.html,ICCV,2005
Fast Global Kernel Density Mode Seeking with Application to Localisation and Tracking.,Anton van den Hengel,https://dblp.org/pid/v/AntonvandenHengel.html,ICCV,2005
Is Levenberg-Marquardt the Most Efficient Optimization Algorithm for Implementing Bundle Adjustment?.,Manolis I. A. Lourakis,https://dblp.org/pid/36/1117.html,ICCV,2005
Is Levenberg-Marquardt the Most Efficient Optimization Algorithm for Implementing Bundle Adjustment?.,Antonis A. Argyros,https://dblp.org/pid/81/3715.html,ICCV,2005
3D Shape Recognition and Reconstruction Based on Line Element Geometry.,Michael Hofer,https://dblp.org/pid/99/2991.html,ICCV,2005
3D Shape Recognition and Reconstruction Based on Line Element Geometry.,Boris Odehnal,https://dblp.org/pid/97/4280.html,ICCV,2005
3D Shape Recognition and Reconstruction Based on Line Element Geometry.,Helmut Pottmann,https://dblp.org/pid/74/276.html,ICCV,2005
3D Shape Recognition and Reconstruction Based on Line Element Geometry.,Tibor Steiner,https://dblp.org/pid/29/1219.html,ICCV,2005
3D Shape Recognition and Reconstruction Based on Line Element Geometry.,Johannes Wallner,https://dblp.org/pid/70/3730.html,ICCV,2005
Multi-View Geometry of 1D Radial Cameras and its Application to Omnidirectional Camera Calibration.,SriRam Thirthala,https://dblp.org/pid/80/6757.html,ICCV,2005
Multi-View Geometry of 1D Radial Cameras and its Application to Omnidirectional Camera Calibration.,Marc Pollefeys,https://dblp.org/pid/p/MarcPollefeys.html,ICCV,2005
Geometric Invariants and Applications under Catadioptric Camera Model.,Yihong Wu,https://dblp.org/pid/24/2219-2.html,ICCV,2005
Geometric Invariants and Applications under Catadioptric Camera Model.,Zhanyi Hu,https://dblp.org/pid/35/6476.html,ICCV,2005
Object Tracking across Multiple Independently Moving Aerial Cameras.,Yaser Sheikh,https://dblp.org/pid/71/3516.html,ICCV,2005
Object Tracking across Multiple Independently Moving Aerial Cameras.,Mubarak Shah,https://dblp.org/pid/s/MubarakShah.html,ICCV,2005
Robust Point Matching for Two-Dimensional Nonrigid Shapes.,Yefeng Zheng,https://dblp.org/pid/44/6510.html,ICCV,2005
Robust Point Matching for Two-Dimensional Nonrigid Shapes.,David S. Doermann,https://dblp.org/pid/88/6921.html,ICCV,2005
Face Recognition by Stepwise Nonparametric Margin Maximum Criterion.,Xipeng Qiu,https://dblp.org/pid/69/1395.html,ICCV,2005
Face Recognition by Stepwise Nonparametric Margin Maximum Criterion.,Lide Wu,https://dblp.org/pid/72/2097.html,ICCV,2005
Dynamic Refraction Stereo.,Nigel J. W. Morris,https://dblp.org/pid/94/4143.html,ICCV,2005
Dynamic Refraction Stereo.,Kiriakos N. Kutulakos,https://dblp.org/pid/64/4875.html,ICCV,2005
Object Recognition in High Clutter Images Using Line Features.,Philip David,https://dblp.org/pid/31/6188.html,ICCV,2005
Object Recognition in High Clutter Images Using Line Features.,Daniel DeMenthon,https://dblp.org/pid/53/2909.html,ICCV,2005
"Probabilistic Boosting-Tree: Learning Discriminative Models for Classification, Recognition, and Clustering.",Zhuowen Tu,https://dblp.org/pid/t/ZTu.html,ICCV,2005
Class-Specific Material Categorisation.,Barbara Caputo,https://dblp.org/pid/04/7038.html,ICCV,2005
Class-Specific Material Categorisation.,Eric Hayman,https://dblp.org/pid/96/5250.html,ICCV,2005
Class-Specific Material Categorisation.,P. Mallikarjuna,https://dblp.org/pid/18/571.html,ICCV,2005
A Generative/Discriminative Learning Algorithm for Image Classification.,Yi Li,https://dblp.org/pid/59/871.html,ICCV,2005
A Generative/Discriminative Learning Algorithm for Image Classification.,Linda G. Shapiro,https://dblp.org/pid/s/LindaGShapiro.html,ICCV,2005
A Generative/Discriminative Learning Algorithm for Image Classification.,Jeff A. Bilmes,https://dblp.org/pid/b/JeffABilmes.html,ICCV,2005
Learning Models for Predicting Recognition Performance.,Rong Wang,https://dblp.org/pid/66/4610.html,ICCV,2005
Learning Models for Predicting Recognition Performance.,Bir Bhanu,https://dblp.org/pid/b/BirBhanu.html,ICCV,2005
Joint Haar-like Features for Face Detection.,Takeshi Mita,https://dblp.org/pid/33/1930.html,ICCV,2005
Joint Haar-like Features for Face Detection.,Toshimitsu Kaneko,https://dblp.org/pid/61/2982.html,ICCV,2005
Joint Haar-like Features for Face Detection.,Osamu Hori,https://dblp.org/pid/57/2337.html,ICCV,2005
Multiple Light Sources and Reflectance Property Estimation Based on a Mixture of Spherical Distributions.,Kenji Hara,https://dblp.org/pid/79/2441.html,ICCV,2005
Multiple Light Sources and Reflectance Property Estimation Based on a Mixture of Spherical Distributions.,Ko Nishino,https://dblp.org/pid/07/2706.html,ICCV,2005
Multiple Light Sources and Reflectance Property Estimation Based on a Mixture of Spherical Distributions.,Katsushi Ikeuchi,https://dblp.org/pid/44/4771.html,ICCV,2005
Passive Photometric Stereo from Motion.,Jongwoo Lim,https://dblp.org/pid/54/594.html,ICCV,2005
Passive Photometric Stereo from Motion.,Jeffrey Ho,https://dblp.org/pid/23/1866.html,ICCV,2005
Passive Photometric Stereo from Motion.,Ming-Hsuan Yang,https://dblp.org/pid/79/3711.html,ICCV,2005
Passive Photometric Stereo from Motion.,David J. Kriegman,https://dblp.org/pid/k/DavidJKriegman.html,ICCV,2005
Good Continuation of General 2D Visual Features: Dual Harmonic Models and Computational Inference.,Ohad Ben-Shahar,https://dblp.org/pid/59/3818.html,ICCV,2005
Good Continuation of General 2D Visual Features: Dual Harmonic Models and Computational Inference.,Steven W. Zucker,https://dblp.org/pid/40/1041.html,ICCV,2005
Eliminating Structure and Intensity Misalignment in Image Stitching.,Jiaya Jia,https://dblp.org/pid/31/5649.html,ICCV,2005
Eliminating Structure and Intensity Misalignment in Image Stitching.,Chi-Keung Tang,https://dblp.org/pid/34/4366.html,ICCV,2005
"Modelling Shapes with Uncertainties: Higher Order Polynomials, Variable Bandwidth Kernels and Non Parametric Density Estimation.",Maxime Taron,https://dblp.org/pid/53/1447.html,ICCV,2005
"Modelling Shapes with Uncertainties: Higher Order Polynomials, Variable Bandwidth Kernels and Non Parametric Density Estimation.",Nikos Paragios,https://dblp.org/pid/p/NikosParagios.html,ICCV,2005
"Modelling Shapes with Uncertainties: Higher Order Polynomials, Variable Bandwidth Kernels and Non Parametric Density Estimation.",Marie-Pierre Jolly,https://dblp.org/pid/j/MPJolly.html,ICCV,2005
Learning Non-Negative Sparse Image Codes by Convex Programming.,Matthias Heiler,https://dblp.org/pid/47/5745.html,ICCV,2005
Learning Non-Negative Sparse Image Codes by Convex Programming.,Christoph Schnörr,https://dblp.org/pid/59/5226.html,ICCV,2005
"Integrating the Effects of Motion, Illumination and Structure in Video Sequences.",Yilei Xu,https://dblp.org/pid/88/6123.html,ICCV,2005
"Integrating the Effects of Motion, Illumination and Structure in Video Sequences.",Amit K. Roy-Chowdhury,https://dblp.org/pid/c/AmitKRoyChowdhury.html,ICCV,2005
Multi-Modal Tensor Face for Simultaneous Super-Resolution and Recognition.,Kui Jia,https://dblp.org/pid/60/3834.html,ICCV,2005
Multi-Modal Tensor Face for Simultaneous Super-Resolution and Recognition.,Shaogang Gong,https://dblp.org/pid/17/4389.html,ICCV,2005
Separating Reflections in Human Iris Images for Illumination Estimation.,Huiqiong Wang,https://dblp.org/pid/19/1682.html,ICCV,2005
Separating Reflections in Human Iris Images for Illumination Estimation.,Stephen Lin,https://dblp.org/pid/55/4755-1.html,ICCV,2005
Separating Reflections in Human Iris Images for Illumination Estimation.,Xiaopei Liu,https://dblp.org/pid/03/4878.html,ICCV,2005
Separating Reflections in Human Iris Images for Illumination Estimation.,Sing Bing Kang,https://dblp.org/pid/k/SingBingKang.html,ICCV,2005
Coupled Space Learning for Image Style Transformation.,Dahua Lin,https://dblp.org/pid/53/6088.html,ICCV,2005
Coupled Space Learning for Image Style Transformation.,Xiaoou Tang,https://dblp.org/pid/04/5226.html,ICCV,2005
On Optimal Light Configurations in Photometric Stereo.,Ondrej Drbohlav,https://dblp.org/pid/79/5367.html,ICCV,2005
On Optimal Light Configurations in Photometric Stereo.,Mike J. Chantler,https://dblp.org/pid/67/2821.html,ICCV,2005
Integration of Conditionally Dependent Object Features for Robust Figure/Background Segmentation.,Francesc Moreno-Noguer,https://dblp.org/pid/44/991.html,ICCV,2005
Integration of Conditionally Dependent Object Features for Robust Figure/Background Segmentation.,Alberto Sanfeliu,https://dblp.org/pid/10/4340.html,ICCV,2005
Integration of Conditionally Dependent Object Features for Robust Figure/Background Segmentation.,Dimitris Samaras,https://dblp.org/pid/s/DimitrisSamaras.html,ICCV,2005
On the Equivalence of Common Approaches to Lighting Insensitive Recognition.,Margarita Osadchy,https://dblp.org/pid/96/2608.html,ICCV,2005
On the Equivalence of Common Approaches to Lighting Insensitive Recognition.,David W. Jacobs,https://dblp.org/pid/j/DavidWJacobs.html,ICCV,2005
On the Equivalence of Common Approaches to Lighting Insensitive Recognition.,Michael Lindenbaum,https://dblp.org/pid/35/6182.html,ICCV,2005
Randomized RANSAC with Sequential Probability Ratio Test.,Jiri Matas,https://dblp.org/pid/m/JiriMatas.html,ICCV,2005
Randomized RANSAC with Sequential Probability Ratio Test.,Ondrej Chum,https://dblp.org/pid/96/63.html,ICCV,2005
Simultaneous Facial Action Tracking and Expression Recognition Using a Particle Filter.,Fadi Dornaika,https://dblp.org/pid/83/4280.html,ICCV,2005
Simultaneous Facial Action Tracking and Expression Recognition Using a Particle Filter.,Franck Davoine,https://dblp.org/pid/12/2446.html,ICCV,2005
Adaptive Enhancement of Cardiac Magnetic Resonance (CMR) Images.,Erich T. H. Leung,https://dblp.org/pid/92/4438.html,ICCV,2005
Adaptive Enhancement of Cardiac Magnetic Resonance (CMR) Images.,John K. Tsotsos,https://dblp.org/pid/t/JohnKTsotsos.html,ICCV,2005
Fusion of Multi-View Silhouette Cues Using a Space Occupancy Grid.,Jean-Sébastien Franco,https://dblp.org/pid/67/49.html,ICCV,2005
Fusion of Multi-View Silhouette Cues Using a Space Occupancy Grid.,Edmond Boyer,https://dblp.org/pid/b/EdmondBoyer.html,ICCV,2005
Incremental Discovery of Object Parts in Video Sequences.,Stéphane Drouin,https://dblp.org/pid/15/295.html,ICCV,2005
Incremental Discovery of Object Parts in Video Sequences.,Patrick Hébert,https://dblp.org/pid/38/6498.html,ICCV,2005
Incremental Discovery of Object Parts in Video Sequences.,Marc Parizeau,https://dblp.org/pid/65/5380.html,ICCV,2005
Efficient Learning of Relational Object Class Models.,Aharon Bar-Hillel,https://dblp.org/pid/72/1301.html,ICCV,2005
Efficient Learning of Relational Object Class Models.,Tomer Hertz,https://dblp.org/pid/97/1369.html,ICCV,2005
Efficient Learning of Relational Object Class Models.,Daphna Weinshall,https://dblp.org/pid/93/1568.html,ICCV,2005
Face Recognition with MRC-Boosting.,Xun Xu,https://dblp.org/pid/47/3944-3.html,ICCV,2005
Face Recognition with MRC-Boosting.,Thomas S. Huang,https://dblp.org/pid/h/ThomasSHuang.html,ICCV,2005
Bottom-up/Top-Down Image Parsing by Attribute Graph Grammar.,Feng Han,https://dblp.org/pid/58/2012-1.html,ICCV,2005
Bottom-up/Top-Down Image Parsing by Attribute Graph Grammar.,Song Chun Zhu,https://dblp.org/pid/10/10313.html,ICCV,2005
Variational-Based Method to Extract Parametric Shapes from Images.,Moumen T. El-Melegy,https://dblp.org/pid/88/3695.html,ICCV,2005
Variational-Based Method to Extract Parametric Shapes from Images.,Nagi H. Al-Ashwal,https://dblp.org/pid/61/3336.html,ICCV,2005
Variational-Based Method to Extract Parametric Shapes from Images.,Aly A. Farag,https://dblp.org/pid/55/6410.html,ICCV,2005
Local Features for Object Class Recognition.,Krystian Mikolajczyk,https://dblp.org/pid/96/433.html,ICCV,2005
Local Features for Object Class Recognition.,Bastian Leibe,https://dblp.org/pid/41/1228.html,ICCV,2005
Local Features for Object Class Recognition.,Bernt Schiele,https://dblp.org/pid/s/BerntSchiele.html,ICCV,2005
Object Categorization by Learned Universal Visual Dictionary.,John M. Winn,https://dblp.org/pid/w/JohnMWinn.html,ICCV,2005
Object Categorization by Learned Universal Visual Dictionary.,Antonio Criminisi,https://dblp.org/pid/c/AntonioCriminisi.html,ICCV,2005
Object Categorization by Learned Universal Visual Dictionary.,Thomas P. Minka,https://dblp.org/pid/m/ThomasPMinka.html,ICCV,2005
Conditional Random Fields for Contextual Human Motion Recognition.,Cristian Sminchisescu,https://dblp.org/pid/96/3826.html,ICCV,2005
Conditional Random Fields for Contextual Human Motion Recognition.,Atul Kanaujia,https://dblp.org/pid/38/2688.html,ICCV,2005
Conditional Random Fields for Contextual Human Motion Recognition.,Zhiguo Li,https://dblp.org/pid/76/6479.html,ICCV,2005
Conditional Random Fields for Contextual Human Motion Recognition.,Dimitris N. Metaxas,https://dblp.org/pid/m/DNMetaxas.html,ICCV,2005
Learning Object Categories from Google's Image Search.,Robert Fergus,https://dblp.org/pid/77/3763.html,ICCV,2005
Learning Object Categories from Google's Image Search.,Li Fei-Fei,https://dblp.org/pid/79/2528.html,ICCV,2005
Learning Object Categories from Google's Image Search.,Pietro Perona,https://dblp.org/pid/p/PietroPerona.html,ICCV,2005
Learning Object Categories from Google's Image Search.,Andrew Zisserman,https://dblp.org/pid/z/AndrewZisserman.html,ICCV,2005
Shape from Symmetry.,Sebastian Thrun,https://dblp.org/pid/t/SebastianThrun.html,ICCV,2005
Shape from Symmetry.,Ben Wegbreit,https://dblp.org/pid/31/5520.html,ICCV,2005
Parameter-Free Radial Distortion Correction with Centre of Distortion Estimation.,Richard I. Hartley,https://dblp.org/pid/h/RIHartley.html,ICCV,2005
Parameter-Free Radial Distortion Correction with Centre of Distortion Estimation.,Sing Bing Kang,https://dblp.org/pid/k/SingBingKang.html,ICCV,2005
Inference of Non-Overlapping Camera Network Topology by Measuring Statistical Dependence.,Kinh Tieu,https://dblp.org/pid/47/538.html,ICCV,2005
Inference of Non-Overlapping Camera Network Topology by Measuring Statistical Dependence.,Gerald Dalley,https://dblp.org/pid/07/2369.html,ICCV,2005
Inference of Non-Overlapping Camera Network Topology by Measuring Statistical Dependence.,W. Eric L. Grimson,https://dblp.org/pid/g/WEricLGrimson.html,ICCV,2005
Can Two Specular Pixels Calibrate Photometric Stereo?.,Ondrej Drbohlav,https://dblp.org/pid/79/5367.html,ICCV,2005
Can Two Specular Pixels Calibrate Photometric Stereo?.,Mike J. Chantler,https://dblp.org/pid/67/2821.html,ICCV,2005
Bayesian Autocalibration for Surveillance.,Nils Krahnstoever,https://dblp.org/pid/36/37.html,ICCV,2005
Bayesian Autocalibration for Surveillance.,Paulo R. S. Mendonça,https://dblp.org/pid/99/1560.html,ICCV,2005
Objective Image Fusion Performance Characterisation.,Vladimir S. Petrovic,https://dblp.org/pid/33/6852.html,ICCV,2005
Objective Image Fusion Performance Characterisation.,Costas S. Xydeas,https://dblp.org/pid/39/4248.html,ICCV,2005
